date,change_percent,volume
2010-06-30,-0.25,17194392
2010-07-01,-7.85,8229862
2010-07-02,-12.57,5141806
2010-07-06,-16.09,6879295
2010-07-07,-1.93,6924913
2010-07-08,10.51,7719539
2010-07-09,-0.34,4058605
2010-07-12,-2.01,2203569
2010-07-13,6.39,2680059
2010-07-14,9.38,4196109
2010-07-15,0.25,3745296
2010-07-16,3.77,2621209
2010-07-19,6.16,2486488
2010-07-20,-7.35,1825230
2010-07-21,-0.39,1253441
2010-07-22,3.86,962344
2010-07-23,1.38,654049
2010-07-26,-1.59,922452
2010-07-27,-1.91,619675
2010-07-28,0.82,467183
2010-07-29,-1.78,615910
2010-07-30,-2.02,426830
2010-08-02,4.92,719145
2010-08-03,4.92,1231022
2010-08-04,-3.14,920755
2010-08-05,-3.81,796379
2010-08-06,-4.2,742138
2010-08-09,0.05,812655
2010-08-10,-2.91,1281285
2010-08-11,-5.94,797649
2010-08-12,-1.68,691281
2010-08-13,4.09,634513
2010-08-16,2.51,486211
2010-08-17,1.97,447881
2010-08-18,-1.99,601332
2010-08-19,0.11,579082
2010-08-20,1.64,297499
2010-08-23,5.4,1088028
2010-08-24,-4.62,673074
2010-08-25,3.65,503289
2010-08-26,-0.75,433736
2010-08-27,-0.26,379642
2010-08-30,0.87,732731
2010-08-31,-1.96,201012
2010-09-01,4.97,495685
2010-09-02,2.99,487060
2010-09-03,-0.05,434756
2010-09-07,-2.42,243335
2010-09-08,1.75,288382
2010-09-09,-0.9,376197
2010-09-10,-2.61,386571
2010-09-13,2.72,360703
2010-09-14,1.93,654629
2010-09-15,4.07,684758
2010-09-16,-4.73,2685879
2010-09-17,-3.39,1198457
2010-09-20,4.08,947474
2010-09-21,-1.35,795999
2010-09-22,-4.33,962815
2010-09-23,-1.56,668076
2010-09-24,2.76,578987
2010-09-27,2.14,418597
2010-09-28,4.24,1214464
2010-09-29,2.71,1969456
2010-09-30,-7.17,2196624
2010-10-01,0.96,599071
2010-10-04,1.89,643599
2010-10-05,0.62,331936
2010-10-06,-3.12,313552
2010-10-07,-0.15,141020
2010-10-08,0.0,268110
2010-10-11,-0.93,171194
2010-10-12,0.0,243912
2010-10-13,1.48,320541
2010-10-14,1.02,294620
2010-10-15,-1.01,284840
2010-10-18,-1.5,162729
2010-10-19,-0.89,245127
2010-10-20,2.99,312444
2010-10-21,0.48,417999
2010-10-22,-0.14,161021
2010-10-25,0.63,118614
2010-10-26,2.45,660841
2010-10-27,-1.69,356500
2010-10-28,0.91,224190
2010-10-29,3.07,280682
2010-11-01,-1.97,455784
2010-11-02,-0.74,322465
2010-11-03,2.44,374199
2010-11-04,14.38,1874800
2010-11-05,-1.85,1010945
2010-11-08,2.21,509475
2010-11-09,-1.4,957748
2010-11-10,19.2,3061037
2010-11-11,-4.51,1945093
2010-11-12,6.44,2729168
2010-11-15,3.22,2625132
2010-11-16,-3.67,1347730
2010-11-17,-0.61,750341
2010-11-18,1.36,956247
2010-11-19,3.68,1150493
2010-11-22,7.78,1529971
2010-11-23,3.5,1578069
2010-11-24,2.6,1424958
2010-11-26,-0.42,350554
2010-11-29,-2.8,1145542
2010-11-30,2.91,2222957
2010-12-01,-2.77,1299174
2010-12-02,-5.82,2006966
2010-12-03,-2.66,1160459
2010-12-06,-3.74,1274374
2010-12-07,4.12,1311547
2010-12-08,2.57,660980
2010-12-09,-0.99,405983
2010-12-10,-1.66,429381
2010-12-13,-3.07,410331
2010-12-14,-6.61,1766909
2010-12-15,3.75,742900
2010-12-16,4.09,790069
2010-12-17,1.79,813816
2010-12-20,1.08,523320
2010-12-21,1.77,777677
2010-12-22,1.14,833255
2010-12-23,-7.78,1557124
2010-12-27,-15.09,9302328
2010-12-28,3.37,4056588
2010-12-29,5.0,3319429
2010-12-30,-4.44,2041066
2010-12-31,0.49,1417846
2011-01-03,-0.03,1284083
2011-01-04,0.19,1189070
2011-01-05,0.6,1446868
2011-01-06,3.91,2061216
2011-01-07,1.29,2249539
2011-01-10,0.74,1342811
2011-01-11,-5.24,1711354
2011-01-12,0.0,964721
2011-01-13,-2.74,723522
2011-01-14,-1.79,1192120
2011-01-18,-0.43,1623838
2011-01-19,-6.28,2371513
2011-01-20,-5.87,2279957
2011-01-21,1.86,1216940
2011-01-24,6.3,1645188
2011-01-25,0.77,1271556
2011-01-26,0.29,1079866
2011-01-27,0.68,895654
2011-01-28,-3.65,1048810
2011-01-31,0.37,831574
2011-02-01,-0.79,707791
2011-02-02,0.13,569472
2011-02-03,-1.3,512067
2011-02-04,-0.72,543917
2011-02-07,-1.66,895010
2011-02-08,6.16,3505182
2011-02-09,-5.23,2636261
2011-02-10,0.03,836019
2011-02-11,0.15,636602
2011-02-14,-0.73,1283403
2011-02-15,-1.04,960850
2011-02-16,8.27,4115805
2011-02-17,-4.57,2619941
2011-02-18,-1.78,2370769
2011-02-22,-5.65,2064539
2011-02-23,-0.19,1605707
2011-02-24,3.21,1055449
2011-02-25,4.79,1347256
2011-02-28,1.19,1051105
2011-03-01,0.21,1106349
2011-03-02,0.33,663294
2011-03-03,1.42,640140
2011-03-04,2.42,1580099
2011-03-07,-0.04,2033530
2011-03-08,-1.12,1399850
2011-03-09,0.24,924720
2011-03-10,-2.87,1017046
2011-03-11,0.25,930793
2011-03-14,-3.41,1165970
2011-03-15,-1.29,1318868
2011-03-16,-0.57,1169675
2011-03-17,-0.04,922503
2011-03-18,0.66,687823
2011-03-21,-1.01,411650
2011-03-22,-2.38,582813
2011-03-23,0.09,422793
2011-03-24,0.54,462160
2011-03-25,1.88,567922
2011-03-28,2.2,1058017
2011-03-29,2.88,755591
2011-03-30,-0.88,1223876
2011-03-31,17.04,11522339
2011-04-01,-3.93,2865086
2011-04-04,-3.11,2609226
2011-04-05,3.37,3181726
2011-04-06,-0.79,1288296
2011-04-07,2.83,2810765
2011-04-08,-2.75,1946351
2011-04-11,-4.6,1372199
2011-04-12,-2.46,1357400
2011-04-13,1.14,1211443
2011-04-14,0.84,983381
2011-04-15,1.75,943450
2011-04-18,-2.15,1033870
2011-04-19,0.52,548693
2011-04-20,2.35,837468
2011-04-21,3.84,1386052
2011-04-25,-1.31,800838
2011-04-26,2.05,1372342
2011-04-27,0.56,996900
2011-04-28,2.14,1644996
2011-04-29,-0.22,726340
2011-05-02,-0.54,784559
2011-05-03,-2.11,913964
2011-05-04,-0.67,1047168
2011-05-05,-0.93,1219448
2011-05-06,2.57,981605
2011-05-09,2.91,916302
2011-05-10,1.5,1535625
2011-05-11,-4.45,962964
2011-05-12,2.22,627740
2011-05-13,-0.43,661577
2011-05-16,-3.45,755622
2011-05-17,-2.4,1234155
2011-05-18,1.5,729407
2011-05-19,7.02,2655366
2011-05-20,-0.81,842533
2011-05-23,-4.11,863547
2011-05-24,-0.37,613673
2011-05-25,8.46,4693810
2011-05-26,1.72,3336890
2011-05-27,0.24,1687068
2011-05-31,1.99,3290521
2011-06-01,-5.38,1530395
2011-06-02,0.85,986293
2011-06-03,4.77,6210208
2011-06-06,-4.75,2331766
2011-06-07,-1.15,1222098
2011-06-08,-4.4,1696935
2011-06-09,1.84,1604219
2011-06-10,0.87,1566531
2011-06-13,2.05,1713760
2011-06-14,0.6,1573309
2011-06-15,-4.48,1346578
2011-06-16,-3.0,1842123
2011-06-17,0.0,1713964
2011-06-20,-1.85,1537708
2011-06-21,5.84,1496562
2011-06-22,-1.16,1475532
2011-06-23,1.84,1169989
2011-06-24,-0.52,3608857
2011-06-27,-0.38,1809366
2011-06-28,2.37,889131
2011-06-29,0.64,1461707
2011-06-30,2.97,946653
2011-07-01,-0.38,854838
2011-07-05,0.41,995988
2011-07-06,-0.62,926888
2011-07-07,2.66,1327820
2011-07-08,-3.09,1240579
2011-07-11,-1.6,975702
2011-07-12,-0.63,1045405
2011-07-13,1.67,1065941
2011-07-14,-3.59,1159130
2011-07-15,-0.11,708954
2011-07-18,-1.27,852316
2011-07-19,2.42,1026047
2011-07-20,2.87,3048393
2011-07-21,0.03,1012005
2011-07-22,2.06,583868
2011-07-25,-2.73,673491
2011-07-26,-1.72,762932
2011-07-27,-1.29,958402
2011-07-28,1.92,938728
2011-07-29,0.0,948126
2011-08-01,2.13,1164821
2011-08-02,-4.97,1549319
2011-08-03,-0.52,1801328
2011-08-04,-9.01,3065595
2011-08-05,-2.06,1964375
2011-08-08,-2.48,2608571
2011-08-09,6.01,1333381
2011-08-10,-4.95,1564146
2011-08-11,6.22,836483
2011-08-12,3.99,1009019
2011-08-15,-0.3,738572
2011-08-16,-0.5,537688
2011-08-17,-1.03,643772
2011-08-18,-6.08,1056568
2011-08-19,-8.08,1375276
2011-08-22,-1.57,986180
2011-08-23,4.61,868967
2011-08-24,3.96,684238
2011-08-25,-3.18,680210
2011-08-26,2.68,761756
2011-08-29,4.13,803301
2011-08-30,-0.32,366659
2011-08-31,0.44,823734
2011-09-01,-2.99,848084
2011-09-02,-3.88,770330
2011-09-06,-0.57,809759
2011-09-07,3.92,459186
2011-09-08,-0.96,505697
2011-09-09,-2.71,669263
2011-09-12,-0.39,566571
2011-09-13,5.24,726461
2011-09-14,1.08,830776
2011-09-15,1.97,562512
2011-09-16,3.95,1417573
2011-09-19,-0.12,1157348
2011-09-20,0.93,1180350
2011-09-21,-0.62,987576
2011-09-22,-0.85,776001
2011-09-23,2.93,1156327
2011-09-26,-3.26,934714
2011-09-27,2.63,674429
2011-09-28,-6.11,723206
2011-09-29,-1.91,929544
2011-09-30,1.12,1336053
2011-10-03,-2.71,1023129
2011-10-04,-0.3,1200213
2011-10-05,7.23,1229413
2011-10-06,6.27,1769025
2011-10-07,0.11,1311547
2011-10-10,3.3,923415
2011-10-11,-0.97,576003
2011-10-12,0.68,1123363
2011-10-13,0.51,1043812
2011-10-14,0.39,1400468
2011-10-17,-2.25,754439
2011-10-18,3.35,999689
2011-10-19,-2.72,792849
2011-10-20,-0.83,999646
2011-10-21,2.52,1142549
2011-10-24,1.85,940549
2011-10-25,-1.05,654371
2011-10-26,-0.96,510479
2011-10-27,2.79,869334
2011-10-28,3.86,1264992
2011-10-31,-1.67,1133968
2011-11-01,-1.67,635775
2011-11-02,-0.59,875520
2011-11-03,13.06,2510602
2011-11-04,-0.46,3033106
2011-11-07,-3.22,1266268
2011-11-08,1.82,1167829
2011-11-09,-3.02,953655
2011-11-10,1.46,747273
2011-11-11,7.37,3875122
2011-11-14,-1.25,1325655
2011-11-15,2.14,890904
2011-11-16,2.98,1833135
2011-11-17,-3.61,1349264
2011-11-18,-3.21,902728
2011-11-21,-2.58,1031523
2011-11-22,0.98,732518
2011-11-23,-1.93,451813
2011-11-25,0.67,239595
2011-11-28,2.84,681124
2011-11-29,-2.49,591054
2011-11-30,3.12,760965
2011-12-01,-0.43,1030107
2011-12-02,2.15,802717
2011-12-05,3.36,1160049
2011-12-06,1.31,951809
2011-12-07,-1.95,674244
2011-12-08,-9.65,3305944
2011-12-09,0.49,1239443
2011-12-12,-2.03,758657
2011-12-13,-3.16,994014
2011-12-14,-3.12,1163839
2011-12-15,0.32,700261
2011-12-16,-2.16,1029604
2011-12-19,-0.89,986951
2011-12-20,0.54,844380
2011-12-21,-1.18,1705806
2011-12-22,0.72,1009801
2011-12-23,0.47,591390
2011-12-27,2.4,777402
2011-12-28,-0.21,575138
2011-12-29,0.77,488150
2011-12-30,-0.59,339860
2012-01-03,-1.68,928051
2012-01-04,-1.32,630036
2012-01-05,-2.13,1005431
2012-01-06,-0.77,986286
2012-01-09,1.27,896950
2012-01-10,1.35,671732
2012-01-11,2.21,672239
2012-01-12,0.07,729300
2012-01-13,-19.33,5506437
2012-01-17,16.72,4652385
2012-01-18,0.79,1260182
2012-01-19,-0.18,1246221
2012-01-20,-0.6,662289
2012-01-23,0.64,594533
2012-01-24,2.43,857913
2012-01-25,2.01,611112
2012-01-26,3.46,1271027
2012-01-27,1.35,748361
2012-01-30,0.82,728979
2012-01-31,-1.69,956712
2012-02-01,1.75,523169
2012-02-02,2.27,805609
2012-02-03,2.98,764418
2012-02-06,2.09,652161
2012-02-07,-0.63,1021502
2012-02-08,1.04,623626
2012-02-09,2.03,1277967
2012-02-10,-4.54,1874138
2012-02-13,1.25,1157857
2012-02-14,5.34,1811364
2012-02-15,1.3,2764475
2012-02-16,1.73,2219635
2012-02-17,2.31,1376644
2012-02-21,-1.34,1135787
2012-02-22,-0.81,1654984
2012-02-23,0.91,820344
2012-02-24,-2.26,959865
2012-02-27,-0.39,605953
2012-02-28,0.57,612183
2012-02-29,-1.18,535684
2012-03-01,2.99,703435
2012-03-02,-1.08,549971
2012-03-05,-0.79,466938
2012-03-06,-1.95,573749
2012-03-07,0.03,364831
2012-03-08,-0.15,633267
2012-03-09,5.05,1553422
2012-03-12,3.66,1964519
2012-03-13,0.22,1001642
2012-03-14,-2.22,851463
2012-03-15,-0.82,571596
2012-03-16,0.92,729236
2012-03-19,-0.96,1015585
2012-03-20,-0.06,567001
2012-03-21,0.54,607103
2012-03-22,-2.13,522353
2012-03-23,-0.93,1170566
2012-03-26,9.74,3140890
2012-03-27,1.44,2540052
2012-03-28,-0.24,954969
2012-03-29,-1.37,796334
2012-03-30,-0.24,886311
2012-04-02,-1.77,1028503
2012-04-03,3.91,1104149
2012-04-04,-7.92,4482815
2012-04-05,-1.48,1509477
2012-04-09,-3.86,1655804
2012-04-10,-2.08,1847668
2012-04-11,1.94,1105446
2012-04-12,1.06,1034153
2012-04-13,0.45,649580
2012-04-16,-3.99,1099750
2012-04-17,-0.03,1115537
2012-04-18,1.3,823095
2012-04-19,1.53,774877
2012-04-20,0.0,821773
2012-04-23,-3.68,890714
2012-04-24,-0.38,674467
2012-04-25,3.43,712133
2012-04-26,1.76,427619
2012-04-27,-0.45,590205
2012-04-30,-0.63,413948
2012-05-01,1.96,658947
2012-05-02,0.48,497251
2012-05-03,-4.36,842106
2012-05-04,-1.94,1247485
2012-05-07,2.01,1157968
2012-05-08,-7.02,3097179
2012-05-09,-0.43,1947827
2012-05-10,9.65,5556300
2012-05-11,-2.15,1221204
2012-05-14,-6.79,1380841
2012-05-15,-2.1,1585681
2012-05-16,-0.85,1257192
2012-05-17,-2.09,1149042
2012-05-18,-3.54,1616486
2012-05-21,4.39,1475169
2012-05-22,7.02,2366169
2012-05-23,0.75,1220348
2012-05-24,-2.26,1075519
2012-05-25,-1.68,757009
2012-05-29,6.31,1649916
2012-05-30,-4.04,1307140
2012-05-31,-2.99,1118700
2012-06-01,-4.58,885709
2012-06-04,-0.96,1030833
2012-06-05,0.11,630885
2012-06-06,4.69,910507
2012-06-07,-0.99,492015
2012-06-08,3.97,881208
2012-06-11,-3.19,635947
2012-06-12,1.85,568994
2012-06-13,0.37,844370
2012-06-14,-1.28,872160
2012-06-15,1.77,646737
2012-06-18,6.45,1256795
2012-06-19,0.78,911028
2012-06-20,5.27,3422341
2012-06-21,-4.71,1891894
2012-06-22,4.95,3047451
2012-06-25,-2.0,1503185
2012-06-26,-4.53,2613848
2012-06-27,1.11,1047193
2012-06-28,-1.72,914039
2012-06-29,-0.38,1125703
2012-07-02,-2.84,1315533
2012-07-03,0.85,947127
2012-07-05,1.86,1253865
2012-07-06,-0.77,784660
2012-07-09,1.61,910408
2012-07-10,-0.7,758352
2012-07-11,0.77,638516
2012-07-12,3.77,1125669
2012-07-13,4.74,1304911
2012-07-16,4.99,1743907
2012-07-17,-7.26,2569462
2012-07-18,-3.6,2882083
2012-07-19,0.37,1435877
2012-07-20,-1.49,1568465
2012-07-23,-3.55,1386742
2012-07-24,-2.68,1500675
2012-07-25,-2.98,2844064
2012-07-26,-2.83,2263004
2012-07-27,4.91,1672967
2012-07-30,-7.32,2066039
2012-07-31,0.26,1575059
2012-08-01,-4.27,1592216
2012-08-02,-0.57,1305015
2012-08-03,4.48,1209469
2012-08-06,3.67,1528168
2012-08-07,7.0,2387303
2012-08-08,-3.84,1308894
2012-08-09,1.1,672584
2012-08-10,1.8,707390
2012-08-13,4.11,870049
2012-08-14,-5.62,793335
2012-08-15,-0.07,525385
2012-08-16,3.06,668973
2012-08-17,-0.96,508122
2012-08-20,-1.67,1179007
2012-08-21,-1.35,761516
2012-08-22,2.89,775489
2012-08-23,2.6,1470973
2012-08-24,-4.0,1430010
2012-08-27,-4.0,1350324
2012-08-28,1.31,1402655
2012-08-29,-0.98,838882
2012-08-30,0.0,656307
2012-08-31,0.39,539736
2012-09-04,-1.33,752496
2012-09-05,-0.71,639227
2012-09-06,2.18,841642
2012-09-07,2.81,953150
2012-09-10,-6.75,1484014
2012-09-11,1.57,1014870
2012-09-12,1.73,1145333
2012-09-13,4.24,1486358
2012-09-14,3.09,1536668
2012-09-17,7.07,3212990
2012-09-18,-3.69,1788479
2012-09-19,-0.92,1048456
2012-09-20,-0.48,912371
2012-09-21,-2.85,1870169
2012-09-24,2.13,1302003
2012-09-25,-9.78,5684951
2012-09-26,-0.43,1527319
2012-09-27,3.45,1758552
2012-09-28,2.77,4343337
2012-10-01,-0.41,884304
2012-10-02,2.2,728969
2012-10-03,-1.68,1055287
2012-10-04,0.34,1541206
2012-10-05,-1.73,938669
2012-10-08,1.25,890005
2012-10-09,-3.01,1193478
2012-10-10,0.11,505063
2012-10-11,-0.28,450571
2012-10-12,-2.4,987534
2012-10-15,-1.12,1469166
2012-10-16,2.67,479248
2012-10-17,2.7,667963
2012-10-18,-2.71,740947
2012-10-19,-1.07,1027301
2012-10-22,0.4,470198
2012-10-23,1.94,749273
2012-10-24,-3.42,1016367
2012-10-25,0.37,577686
2012-10-26,-0.51,477305
2012-10-31,2.74,775141
2012-11-01,3.96,1024053
2012-11-02,-1.12,1030264
2012-11-05,8.93,2049117
2012-11-06,-1.11,2323942
2012-11-07,1.25,1715416
2012-11-08,-0.73,1273985
2012-11-09,-3.16,863027
2012-11-12,2.47,557651
2012-11-13,1.75,998262
2012-11-14,-0.74,871314
2012-11-15,-1.78,983940
2012-11-16,3.31,908649
2012-11-19,3.39,1392547
2012-11-20,0.24,922426
2012-11-21,-1.6,963132
2012-11-23,-1.05,430212
2012-11-26,0.43,496219
2012-11-27,-0.37,910769
2012-11-28,3.36,1525298
2012-11-29,1.39,1103314
2012-11-30,0.39,1420283
2012-12-03,2.36,2085752
2012-12-04,-2.08,1264210
2012-12-05,-0.56,661486
2012-12-06,0.57,660397
2012-12-07,0.8,664586
2012-12-10,1.17,929750
2012-12-11,2.05,1572590
2012-12-12,-0.06,2063876
2012-12-13,-4.68,2151223
2012-12-14,0.59,1022942
2012-12-17,1.74,824808
2012-12-18,0.55,1554435
2012-12-19,0.06,1298730
2012-12-20,-0.52,921193
2012-12-21,-1.25,1492305
2012-12-24,0.82,375796
2012-12-26,-2.01,601784
2012-12-27,0.3,561085
2012-12-28,-1.39,414135
2012-12-31,1.96,594846
2013-01-02,4.4,1194709
2013-01-03,-1.67,741941
2013-01-04,-1.07,673993
2013-01-07,-0.17,441909
2013-01-08,-1.92,1283984
2013-01-09,-0.12,697979
2013-01-10,-0.33,922404
2013-01-11,-1.85,1563273
2013-01-14,1.06,925017
2013-01-15,1.93,1624388
2013-01-16,0.59,1378137
2013-01-17,0.82,1436603
2013-01-18,0.41,3555073
2013-01-22,1.94,1920130
2013-01-23,2.3,1564205
2013-01-24,2.75,1970388
2013-01-25,-0.03,1287702
2013-01-28,2.84,1985991
2013-01-29,-0.21,1426502
2013-01-30,-1.13,968097
2013-01-31,-0.02,901317
2013-02-01,2.1,1100589
2013-02-04,-1.46,1127988
2013-02-05,1.03,1310191
2013-02-06,2.73,1893147
2013-02-07,0.79,1197520
2013-02-08,-0.61,1139732
2013-02-11,-2.09,3266247
2013-02-12,-1.38,2261245
2013-02-13,1.48,967101
2013-02-14,-0.39,990639
2013-02-15,-3.29,2018268
2013-02-19,6.05,2701339
2013-02-20,-1.89,3121909
2013-02-21,-8.77,9038211
2013-02-22,2.7,2547830
2013-02-25,-4.79,2890771
2013-02-26,0.14,2763049
2013-02-27,1.95,1959128
2013-02-28,-0.77,1964892
2013-03-01,-0.52,1546599
2013-03-04,2.68,1757659
2013-03-05,3.01,2086968
2013-03-06,2.84,1149924
2013-03-07,1.43,1158353
2013-03-08,0.63,912051
2013-03-11,1.64,1579439
2013-03-12,0.05,1275061
2013-03-13,-0.36,821985
2013-03-14,-5.46,2024458
2013-03-15,-4.23,3279776
2013-03-18,-0.4,1316335
2013-03-19,-0.2,1098474
2013-03-20,2.48,1423683
2013-03-21,0.17,1146286
2013-03-22,1.69,446235
2013-03-25,2.49,2379353
2013-03-26,0.88,1808136
2013-03-27,0.79,1296282
2013-03-28,-0.71,1158651
2013-04-01,15.94,14105870
2013-04-02,0.93,6652373
2013-04-03,-7.31,5644994
2013-04-04,2.22,2264866
2013-04-05,-1.52,1552388
2013-04-08,1.11,1679000
2013-04-09,-3.18,1696035
2013-04-10,3.36,2121087
2013-04-11,4.13,3448080
2013-04-12,0.37,3149371
2013-04-15,-1.03,1685983
2013-04-16,5.29,3180437
2013-04-17,-0.31,2118427
2013-04-18,3.34,3368699
2013-04-19,1.83,3012135
2013-04-22,4.93,3939326
2013-04-23,1.63,3737549
2013-04-24,-1.14,2630107
2013-04-25,3.11,2796206
2013-04-26,-1.54,3622429
2013-04-29,7.31,3642205
2013-04-30,-1.73,5523947
2013-05-01,-1.31,2742777
2013-05-02,1.56,3052332
2013-05-03,0.82,3379402
2013-05-06,9.07,4372798
2013-05-07,-6.71,9994548
2013-05-08,0.5,6769858
2013-05-09,24.4,28604967
2013-05-10,10.61,25086428
2013-05-13,14.38,22416819
2013-05-14,-5.19,37163900
2013-05-15,1.92,16878698
2013-05-16,8.73,21613999
2013-05-17,-0.81,19008446
2013-05-20,-1.7,8348330
2013-05-21,-2.61,9001763
2013-05-22,-0.4,8573775
2013-05-23,6.29,12044259
2013-05-24,4.69,16124190
2013-05-28,13.65,19691819
2013-05-29,-5.17,25099478
2013-05-30,0.31,16140550
2013-05-31,-6.85,15171929
2013-06-03,-5.29,19143479
2013-06-04,2.43,8856044
2013-06-05,0.56,12224729
2013-06-06,2.08,9514405
2013-06-07,4.82,10717219
2013-06-10,-1.95,9234214
2013-06-11,-5.58,7396039
2013-06-12,3.45,9197523
2013-06-13,0.46,5965123
2013-06-14,2.16,6567420
2013-06-17,1.89,7075639
2013-06-18,1.17,8803563
2013-06-19,1.25,8588733
2013-06-20,-3.85,10111219
2013-06-21,-1.09,11718529
2013-06-24,1.95,7127019
2013-06-25,0.9,5850831
2013-06-26,3.24,6610158
2013-06-27,3.34,8750825
2013-06-28,-1.73,5750430
2013-07-01,9.15,10903599
2013-07-02,0.55,12070319
2013-07-03,-2.19,4806661
2013-07-05,4.21,6827496
2013-07-08,1.27,7820815
2013-07-09,1.51,8603207
2013-07-10,-0.96,5600011
2013-07-11,2.73,7486957
2013-07-12,3.42,11349189
2013-07-15,-2.03,9924335
2013-07-16,-14.31,32371867
2013-07-17,10.27,26028947
2013-07-18,-1.02,11407359
2013-07-19,0.55,5891438
2013-07-22,2.3,9804809
2013-07-23,0.25,7740468
2013-07-24,-0.85,6871371
2013-07-25,1.95,5287143
2013-07-26,4.29,9640703
2013-07-29,4.04,9686071
2013-07-30,-2.14,13130269
2013-07-31,1.93,6351636
2013-08-01,0.95,5323598
2013-08-02,1.81,6269837
2013-08-05,4.84,10200629
2013-08-06,-1.75,9261091
2013-08-07,-5.57,18212140
2013-08-08,14.34,27246758
2013-08-09,-0.31,8936028
2013-08-12,-3.67,14912179
2013-08-13,-1.32,8748863
2013-08-14,-4.17,11693739
2013-08-15,0.22,10188879
2013-08-16,1.67,7108084
2013-08-19,2.04,8037639
2013-08-20,3.23,6418107
2013-08-21,-1.15,6266261
2013-08-22,6.25,10592389
2013-08-23,3.02,12931839
2013-08-26,1.47,24171098
2013-08-27,1.7,17566819
2013-08-28,-0.34,14740009
2013-08-29,-0.23,9445719
2013-08-30,1.77,11028359
2013-09-03,-0.04,12061099
2013-09-04,1.0,11475649
2013-09-05,-0.41,6693201
2013-09-06,-1.74,8619629
2013-09-09,-3.76,14344470
2013-09-10,3.53,8967785
2013-09-11,-1.71,5832475
2013-09-12,0.86,6159992
2013-09-13,0.37,5409887
2013-09-16,0.63,7592597
2013-09-17,-0.21,5500717
2013-09-18,-0.01,5439613
2013-09-19,7.04,15594569
2013-09-20,3.07,13401689
2013-09-23,-1.24,8191840
2013-09-24,0.67,6282430
2013-09-25,1.6,8252620
2013-09-26,1.84,6621591
2013-09-27,1.2,5923880
2013-09-30,1.29,8934540
2013-10-01,-0.19,7761428
2013-10-02,-6.24,20775409
2013-10-03,-4.22,23816498
2013-10-04,4.43,14413969
2013-10-07,1.16,11485579
2013-10-08,-4.56,13757219
2013-10-09,-3.41,15316479
2013-10-10,2.46,8883909
2013-10-11,3.34,8311085
2013-10-14,0.57,7769628
2013-10-15,2.35,10978539
2013-10-16,-0.21,8205366
2013-10-17,-0.41,6704967
2013-10-18,0.33,5930814
2013-10-21,-5.89,11532129
2013-10-22,-0.61,11394679
2013-10-23,-4.1,13327739
2013-10-24,5.26,10825669
2013-10-25,-2.02,7595457
2013-10-28,-4.01,7841727
2013-10-29,0.99,14111738
2013-10-30,-3.19,8401755
2013-10-31,0.45,9340454
2013-11-01,1.39,7180582
2013-11-04,8.04,13120369
2013-11-05,0.92,22467099
2013-11-06,-14.51,31071727
2013-11-07,-7.53,22284739
2013-11-08,-1.3,22477858
2013-11-11,4.89,13997590
2013-11-12,-4.77,14985159
2013-11-13,0.65,12658269
2013-11-14,-0.79,12203699
2013-11-15,-1.56,9900175
2013-11-18,-10.24,23138239
2013-11-19,3.71,19816149
2013-11-20,-3.95,13849550
2013-11-21,0.82,11903799
2013-11-22,-0.59,11104149
2013-11-25,-0.44,10275349
2013-11-26,-0.28,13885519
2013-11-27,5.35,12367629
2013-11-29,0.27,9716218
2013-12-02,-2.44,7751210
2013-12-03,16.53,25682398
2013-12-04,-3.97,13147689
2013-12-05,1.1,9288415
2013-12-06,-2.22,7909595
2013-12-09,3.09,9061484
2013-12-10,0.42,10748229
2013-12-11,-1.79,7137841
2013-12-12,5.6,10767788
2013-12-13,0.13,10599779
2013-12-16,0.19,6675275
2013-12-17,3.05,10494969
2013-12-18,-2.94,11581899
2013-12-19,-4.91,12758609
2013-12-20,1.79,7422536
2013-12-23,0.22,5385505
2013-12-24,5.48,9941484
2013-12-26,2.7,7129524
2013-12-27,-2.82,5469063
2013-12-30,0.87,4472075
2013-12-31,-1.32,4266709
2014-01-02,-0.22,6195354
2014-01-03,-0.36,4698837
2014-01-06,-1.71,5367319
2014-01-07,1.61,5041805
2014-01-08,1.29,6166673
2014-01-09,-2.48,5388904
2014-01-10,-1.23,7450531
2014-01-13,-4.38,6324646
2014-01-14,15.74,27935828
2014-01-15,1.77,20488979
2014-01-16,4.17,11982099
2014-01-17,-0.56,9216027
2014-01-21,3.92,9745764
2014-01-22,1.06,7036756
2014-01-23,1.65,7899515
2014-01-24,-3.8,7711295
2014-01-27,-2.85,8737772
2014-01-28,5.16,6128236
2014-01-29,-1.77,5956816
2014-01-30,4.34,8575209
2014-01-31,-0.78,6512950
2014-02-03,-2.37,6778608
2014-02-04,0.91,4690882
2014-02-05,-2.41,7275951
2014-02-06,2.27,5847952
2014-02-07,4.57,8964053
2014-02-10,5.38,12989289
2014-02-11,0.03,10734469
2014-02-12,-0.66,5181312
2014-02-13,2.21,8174048
2014-02-14,-0.7,6173461
2014-02-18,2.76,9355871
2014-02-19,-4.94,16419897
2014-02-20,8.43,18022259
2014-02-21,-0.18,7828980
2014-02-24,3.84,8303132
2014-02-25,13.94,32796998
2014-02-26,2.02,24771187
2014-02-27,-0.18,17970710
2014-02-28,-3.06,14612689
2014-03-03,2.35,13109299
2014-03-04,1.71,8765391
2014-03-05,-0.86,5946735
2014-03-06,0.11,7374719
2014-03-07,-2.66,7818464
2014-03-10,-2.99,7745750
2014-03-11,-1.86,8836348
2014-03-12,3.02,9763910
2014-03-13,-1.53,6236324
2014-03-14,-2.87,8289732
2014-03-17,1.3,5912591
2014-03-18,2.59,6242348
2014-03-19,-1.75,5071326
2014-03-20,-0.39,3817904
2014-03-21,-2.56,8227311
2014-03-24,-3.81,11332949
2014-03-25,0.12,7865374
2014-03-26,-3.39,6907305
2014-03-27,-2.65,9505306
2014-03-28,2.44,9684760
2014-03-31,-1.85,8380022
2014-04-01,4.09,7371420
2014-04-02,6.14,10782249
2014-04-03,-2.12,10923729
2014-04-04,-5.85,11345619
2014-04-07,-2.22,9855477
2014-04-08,3.83,6889295
2014-04-09,0.68,5157922
2014-04-10,-5.87,7211491
2014-04-11,-0.2,9071299
2014-04-14,-2.79,7703031
2014-04-15,-2.11,13667070
2014-04-16,2.68,7205318
2014-04-17,-0.5,5929505
2014-04-21,3.16,5266489
2014-04-22,6.98,9809332
2014-04-23,-4.87,7295608
2014-04-24,-0.06,5504767
2014-04-25,-3.85,6996657
2014-04-28,-0.67,7041982
2014-04-29,4.24,5787368
2014-04-30,0.47,4443452
2014-05-01,-0.08,5444669
2014-05-02,1.53,4091393
2014-05-05,2.7,5152341
2014-05-06,-4.31,5636724
2014-05-07,-2.86,10179289
2014-05-08,-11.3,20056392
2014-05-09,2.06,8495159
2014-05-12,1.32,7004329
2014-05-13,2.97,7097241
2014-05-14,0.24,5414944
2014-05-15,-1.06,6046138
2014-05-16,1.57,4489311
2014-05-19,2.36,4571659
2014-05-20,-0.4,5553876
2014-05-21,2.13,5290754
2014-05-22,2.72,6216254
2014-05-23,1.18,4010930
2014-05-27,2.05,5346787
2014-05-28,-0.62,5496277
2014-05-29,0.0,3694595
2014-05-30,-1.18,5586067
2014-06-02,-1.48,4668114
2014-06-03,0.12,3866181
2014-06-04,-0.46,3434501
2014-06-05,1.43,4059284
2014-06-06,0.61,3074899
2014-06-09,-1.37,2813065
2014-06-10,-1.47,3522335
2014-06-11,1.07,3980490
2014-06-12,-0.46,5997143
2014-06-13,1.42,3546788
2014-06-16,8.81,13246349
2014-06-17,3.14,13304909
2014-06-18,-1.96,6947052
2014-06-19,0.3,8801907
2014-06-20,0.79,4908076
2014-06-23,3.32,7800188
2014-06-24,-1.99,8081108
2014-06-25,1.89,5803256
2014-06-26,-0.54,5122971
2014-06-27,1.47,5638786
2014-06-30,0.42,4833601
2014-07-01,-0.14,4341241
2014-07-02,-4.29,8035071
2014-07-03,-0.08,5166715
2014-07-07,-2.87,5901079
2014-07-08,-1.61,7846164
2014-07-09,1.82,4117728
2014-07-10,-1.61,4865245
2014-07-11,-0.61,3307112
2014-07-14,3.93,7208572
2014-07-15,-3.14,5732030
2014-07-16,-1.1,4051096
2014-07-17,-0.81,4650955
2014-07-18,2.14,4260617
2014-07-21,0.24,3825250
2014-07-22,-0.44,2732484
2014-07-23,1.33,3088730
2014-07-24,0.47,3248409
2014-07-25,0.01,3090382
2014-07-28,0.56,6517610
2014-07-29,0.08,3387186
2014-07-30,1.74,4927821
2014-07-31,-2.45,7749057
2014-08-01,4.46,11898129
2014-08-04,2.25,5967405
2014-08-05,-0.01,5388580
2014-08-06,4.38,9249263
2014-08-07,1.39,7478924
2014-08-08,-1.69,5099060
2014-08-11,4.51,8101275
2014-08-12,0.25,6390411
2014-08-13,0.13,6932627
2014-08-14,0.41,4126633
2014-08-15,0.24,3867873
2014-08-18,-0.79,5849230
2014-08-19,-1.22,5340135
2014-08-20,-0.41,3027862
2014-08-21,-0.54,2919240
2014-08-22,0.96,2836958
2014-08-25,2.25,4318052
2014-08-26,-0.31,3822571
2014-08-27,0.58,2990531
2014-08-28,0.23,2854736
2014-08-29,2.21,6453957
2014-09-02,5.35,9852351
2014-09-03,-1.03,6779734
2014-09-04,1.72,8341748
2014-09-05,-3.02,11176169
2014-09-08,1.7,5505039
2014-09-09,-1.29,4567957
2014-09-10,0.94,3785987
2014-09-11,-0.28,3768583
2014-09-12,-0.4,3328301
2014-09-15,-9.08,16464950
2014-09-16,2.71,8303971
2014-09-17,0.25,5179922
2014-09-18,0.93,3699313
2014-09-19,-1.71,6811713
2014-09-22,-3.58,8222963
2014-09-23,0.15,5660047
2014-09-24,0.69,3754375
2014-09-25,-2.06,4843711
2014-09-26,-0.14,3798840
2014-09-29,-0.54,4854686
2014-09-30,-1.05,4248126
2014-10-01,-1.01,5946509
2014-10-02,4.65,9001999
2014-10-03,1.51,5408664
2014-10-06,2.12,7719055
2014-10-07,-0.4,4491568
2014-10-08,-0.11,5062613
2014-10-09,-0.88,7361315
2014-10-10,-7.82,12898279
2014-10-13,-5.2,11276549
2014-10-14,1.1,7112338
2014-10-15,1.16,9151647
2014-10-16,-1.46,5404564
2014-10-17,0.5,10551849
2014-10-20,1.31,3499685
2014-10-21,2.11,4130344
2014-10-22,-1.8,4123396
2014-10-23,1.81,3499881
2014-10-24,-0.02,3466926
2014-10-27,-5.77,9553347
2014-10-28,9.52,10516299
2014-10-29,-1.92,4967639
2014-10-30,0.24,3228370
2014-10-31,1.27,3775326
2014-11-03,0.37,4207267
2014-11-04,-1.51,3682571
2014-11-05,-3.33,9045924
2014-11-06,4.44,15354719
2014-11-07,-0.42,5161021
2014-11-10,0.72,4577207
2014-11-11,3.78,7952564
2014-11-12,-0.79,5870817
2014-11-13,1.04,6236035
2014-11-14,2.77,6101144
2014-11-17,-1.82,4025694
2014-11-18,1.46,4474293
2014-11-19,-3.86,7918484
2014-11-20,0.39,3587219
2014-11-21,-2.38,7485059
2014-11-24,1.62,4789707
2014-11-25,0.56,3159803
2014-11-26,0.14,1981818
2014-11-28,-1.58,2119687
2014-12-01,-5.27,8619351
2014-12-02,-0.09,5887045
2014-12-03,-0.92,5307732
2014-12-04,-0.44,3879207
2014-12-05,-2.0,6063618
2014-12-08,-4.18,9225619
2014-12-09,1.18,9431500
2014-12-10,-3.25,7314139
2014-12-11,-0.46,6694397
2014-12-12,-0.9,7173781
2014-12-15,-1.43,5218251
2014-12-16,-3.05,8426104
2014-12-17,4.05,7367833
2014-12-18,6.04,7483348
2014-12-19,0.47,6910460
2014-12-22,1.51,4806916
2014-12-23,-0.73,4513320
2014-12-24,0.58,1333517
2014-12-26,2.5,3327015
2014-12-29,-0.93,2811827
2014-12-30,-1.54,2903241
2014-12-31,0.08,2402096
2015-01-02,-1.39,4764442
2015-01-05,-4.2,5368476
2015-01-06,0.57,6261935
2015-01-07,-0.16,2968389
2015-01-08,-0.16,3442508
2015-01-09,-1.88,4668293
2015-01-12,-2.15,5950279
2015-01-13,1.01,4477319
2015-01-14,-5.66,11551859
2015-01-15,-0.43,5216523
2015-01-16,0.63,3603157
2015-01-20,-0.59,4503181
2015-01-21,2.42,4153042
2015-01-22,2.57,4116904
2015-01-23,-0.16,3442370
2015-01-26,2.61,3234521
2015-01-27,-0.28,2781023
2015-01-28,-3.21,3149605
2015-01-29,2.92,3548105
2015-01-30,-0.78,3006958
2015-02-02,3.61,4149185
2015-02-03,3.52,4826243
2015-02-04,0.09,3305376
2015-02-05,1.12,3522946
2015-02-06,-1.64,3243930
2015-02-09,0.06,3472422
2015-02-10,-0.55,5390541
2015-02-11,-1.61,9769100
2015-02-12,-4.66,15649609
2015-02-13,0.44,6191002
2015-02-17,0.28,3979646
2015-02-18,0.05,2713597
2015-02-19,3.54,5154147
2015-02-20,2.55,5982088
2015-02-23,-4.5,8499775
2015-02-24,-1.56,6603559
2015-02-25,-0.17,3909519
2015-02-26,1.68,6472854
2015-02-27,-1.86,3882083
2015-03-02,-2.96,7922064
2015-03-03,1.13,4432328
2015-03-04,1.44,4221961
2015-03-05,-0.89,4877014
2015-03-06,-3.36,6712387
2015-03-09,-1.55,6736723
2015-03-10,-0.29,5579690
2015-03-11,1.8,4974870
2015-03-12,-1.38,4149293
2015-03-13,-1.25,5434297
2015-03-16,3.72,5628782
2015-03-17,-0.5,4894051
2015-03-18,3.07,4820935
2015-03-19,-2.52,8475243
2015-03-20,1.24,4269466
2015-03-23,0.78,2631625
2015-03-24,1.05,3649859
2015-03-25,-3.68,5730388
2015-03-26,-2.0,4127955
2015-03-27,-2.84,8604947
2015-03-30,3.01,10089519
2015-03-31,-0.94,5026568
2015-04-01,-0.63,3794620
2015-04-02,1.82,5010367
2015-04-06,6.34,12455809
2015-04-07,0.07,4347863
2015-04-08,2.17,6303116
2015-04-09,1.17,3800224
2015-04-10,0.39,4067675
2015-04-13,-0.53,3758229
2015-04-14,-1.11,3025962
2015-04-15,0.18,1952377
2015-04-16,-0.54,1659058
2015-04-17,0.04,2469925
2015-04-20,-0.73,2559250
2015-04-21,2.02,3432540
2015-04-22,4.79,7863036
2015-04-23,-0.38,4411183
2015-04-24,-0.08,2427842
2015-04-27,6.01,11672629
2015-04-28,-0.46,6085378
2015-04-29,0.86,3936076
2015-04-30,-2.75,3911856
2015-05-01,-0.01,5281688
2015-05-04,1.98,4434595
2015-05-05,1.06,5796872
2015-05-06,-1.08,5270932
2015-05-07,2.76,9455908
2015-05-08,-0.08,4668235
2015-05-11,1.22,5672261
2015-05-12,2.19,6363428
2015-05-13,-0.64,5440164
2015-05-14,0.38,2895935
2015-05-15,1.94,4527562
2015-05-18,-0.04,3353211
2015-05-19,-0.65,3674230
2015-05-20,-1.13,3755568
2015-05-21,0.52,1970642
2015-05-22,0.86,2223088
2015-05-26,-0.11,3498681
2015-05-27,-0.01,3408199
2015-05-28,1.62,3647282
2015-05-29,-0.26,3789282
2015-06-01,-0.54,2505056
2015-06-02,-0.44,2134808
2015-06-03,0.26,1781504
2015-06-04,-1.23,2453614
2015-06-05,1.31,3022025
2015-06-08,2.87,5016996
2015-06-09,-0.11,2611145
2015-06-10,-2.07,3454452
2015-06-11,0.28,2044057
2015-06-12,-0.29,1422334
2015-06-15,-0.12,2186174
2015-06-16,1.09,1984677
2015-06-17,2.88,5512919
2015-06-18,0.57,2782702
2015-06-19,0.24,2463012
2015-06-22,-1.04,4561078
2015-06-23,3.03,3870817
2015-06-24,-0.93,2412292
2015-06-25,1.36,2849203
2015-06-26,-0.63,3838433
2015-06-29,-1.9,3478908
2015-06-30,2.38,3086934
2015-07-01,0.33,2101223
2015-07-02,4.04,7163929
2015-07-06,-0.11,4121932
2015-07-07,-4.23,6105125
2015-07-08,-4.82,6221076
2015-07-09,1.16,3334076
2015-07-10,0.48,2610857
2015-07-13,1.16,2960318
2015-07-14,1.33,1907640
2015-07-15,-0.94,2021620
2015-07-16,1.35,1615960
2015-07-17,2.99,5004098
2015-07-20,2.77,4978453
2015-07-21,-5.49,6108685
2015-07-22,0.41,3104959
2015-07-23,-0.25,2227238
2015-07-24,-0.67,2836497
2015-07-27,-4.67,4694191
2015-07-28,4.67,3895807
2015-07-29,-0.38,2790094
2015-07-30,1.13,2034559
2015-07-31,-0.24,2222551
2015-08-03,-2.31,2553473
2015-08-04,2.42,2352529
2015-08-05,1.45,6214318
2015-08-06,-8.88,14623750
2015-08-07,-1.47,5073389
2015-08-10,-0.56,4185859
2015-08-11,-1.56,4264938
2015-08-12,0.34,3739156
2015-08-13,1.82,4689181
2015-08-14,0.26,4364809
2015-08-17,4.87,7176689
2015-08-18,2.25,4195034
2015-08-19,-2.1,3604281
2015-08-20,-5.12,4905756
2015-08-21,-4.71,6590233
2015-08-24,-5.16,9581583
2015-08-25,0.53,4327293
2015-08-26,2.19,4963041
2015-08-27,8.07,7655958
2015-08-28,2.26,5513672
2015-08-31,0.23,4700231
2015-09-01,-4.19,5454764
2015-09-02,3.8,4629173
2015-09-03,-0.86,4194771
2015-09-04,-1.48,3689152
2015-09-08,2.58,3138230
2015-09-09,0.3,3390787
2015-09-10,-0.17,2709023
2015-09-11,0.71,2350843
2015-09-14,1.18,2890850
2015-09-15,0.15,2933465
2015-09-16,3.42,4417080
2015-09-17,-0.07,3585811
2015-09-18,-0.55,3763063
2015-09-21,1.37,6120154
2015-09-22,-1.23,3664352
2015-09-23,0.05,2600777
2015-09-24,0.79,3448190
2015-09-25,-2.36,3773391
2015-09-28,-3.3,4901056
2015-09-29,-0.72,3703153
2015-09-30,0.71,4929581
2015-10-01,-3.43,4572963
2015-10-02,3.21,4423981
2015-10-05,-0.57,3689864
2015-10-06,-1.91,5235896
2015-10-07,-3.93,6813958
2015-10-08,-2.26,6133215
2015-10-09,-2.66,6158369
2015-10-12,-2.32,3836302
2015-10-13,1.7,5171534
2015-10-14,-1.08,3104445
2015-10-15,2.04,2844232
2015-10-16,2.58,4334492
2015-10-19,0.48,2507894
2015-10-20,-6.61,14900049
2015-10-21,-1.38,4183470
2015-10-22,0.78,2825158
2015-10-23,-1.24,4235461
2015-10-26,2.95,3391437
2015-10-27,-2.28,3519448
2015-10-28,1.24,2728592
2015-10-29,-0.62,1805031
2015-10-30,-2.22,4438900
2015-11-02,3.32,3927943
2015-11-03,-2.54,8332484
2015-11-04,11.17,12726369
2015-11-05,0.06,4496842
2015-11-06,0.25,2445292
2015-11-09,-3.03,3850859
2015-11-10,-3.92,4617005
2015-11-11,1.19,3347805
2015-11-12,-2.8,2915899
2015-11-13,-2.7,3430326
2015-11-16,3.44,2925394
2015-11-17,-0.14,2148678
2015-11-18,3.3,2811899
2015-11-19,0.33,2504374
2015-11-20,-0.81,4400721
2015-11-23,-1.03,2526198
2015-11-24,0.23,2480292
2015-11-25,5.22,3990778
2015-11-27,0.86,1949352
2015-11-30,-0.58,2659812
2015-12-01,3.01,3733954
2015-12-02,-2.19,2981467
2015-12-03,0.31,2939563
2015-12-04,-1.0,2573602
2015-12-07,0.33,3144222
2015-12-08,-1.91,2687635
2015-12-09,-0.97,3057752
2015-12-10,1.14,2071691
2015-12-11,-4.43,3268725
2015-12-14,0.72,2831517
2015-12-15,1.15,2244423
2015-12-16,6.07,5104340
2015-12-17,-0.48,3298637
2015-12-18,-1.26,3014169
2015-12-21,0.91,1953173
2015-12-22,-1.12,1961494
2015-12-23,-0.11,1554978
2015-12-24,0.38,710277
2015-12-28,-0.7,1901303
2015-12-29,3.6,2406289
2015-12-30,0.38,3697920
2015-12-31,0.81,2715037
2016-01-04,-6.92,6827145
2016-01-05,0.01,3186751
2016-01-06,-1.96,3779127
2016-01-07,-1.55,3554250
2016-01-08,-2.16,3628057
2016-01-11,-1.49,4091421
2016-01-12,1.02,3091916
2016-01-13,-4.6,4126415
2016-01-14,2.93,6490740
2016-01-15,-0.58,5578639
2016-01-19,-0.13,4038675
2016-01-20,-2.94,5838607
2016-01-21,0.64,3166158
2016-01-22,1.29,3124054
2016-01-25,-3.05,2698738
2016-01-26,-1.44,4964179
2016-01-27,-2.84,3617220
2016-01-28,0.87,4592753
2016-01-29,0.79,2852288
2016-02-01,3.0,5297638
2016-02-02,-7.19,5773636
2016-02-03,-5.09,7931361
2016-02-04,1.07,4385365
2016-02-05,-7.26,9437590
2016-02-08,-8.99,9312987
2016-02-09,0.18,8651647
2016-02-10,-3.09,10406508
2016-02-11,4.73,14252359
2016-02-12,0.38,7235783
2016-02-16,2.74,5593793
2016-02-17,8.71,5825158
2016-02-18,-1.13,3887573
2016-02-19,-0.11,2959389
2016-02-22,6.7,5060050
2016-02-23,-0.3,5984373
2016-02-24,1.01,5395608
2016-02-25,4.71,5750740
2016-02-26,1.55,6065116
2016-02-29,0.84,4498996
2016-03-01,-2.91,6712159
2016-03-02,1.07,4862395
2016-03-03,3.93,4829017
2016-03-04,2.71,6489057
2016-03-07,2.11,5337071
2016-03-08,-1.31,4178692
2016-03-09,3.02,3208553
2016-03-10,-1.7,5192522
2016-03-11,1.13,3343076
2016-03-14,3.69,4065705
2016-03-15,1.48,3180451
2016-03-16,1.64,3516702
2016-03-17,2.01,3782890
2016-03-18,2.81,4711792
2016-03-21,2.4,5307821
2016-03-22,-1.71,4315987
2016-03-23,-4.98,4948840
2016-03-24,2.32,4960899
2016-03-28,1.1,3925684
2016-03-29,-0.06,4014329
2016-03-30,-1.41,4032981
2016-03-31,1.27,8012871
2016-04-01,3.4,15997510
2016-04-04,3.96,13475329
2016-04-05,3.43,9948698
2016-04-06,3.9,11705479
2016-04-07,-3.1,8856171
2016-04-08,-2.77,7363935
2016-04-11,-0.06,9161692
2016-04-12,-0.84,5763207
2016-04-13,2.71,4925594
2016-04-14,-1.05,4132184
2016-04-15,1.05,3752365
2016-04-18,-0.25,4271361
2016-04-19,-2.56,6357525
2016-04-20,1.05,5194050
2016-04-21,-0.67,2783058
2016-04-22,2.2,3786326
2016-04-25,-0.76,3670347
2016-04-26,0.76,3223838
2016-04-27,-0.89,3205807
2016-04-28,-1.5,2518989
2016-04-29,-2.81,5413786
2016-05-02,0.43,3843934
2016-05-03,-3.92,4302221
2016-05-04,-4.2,8700459
2016-05-05,-4.96,11254829
2016-05-06,1.61,5685236
2016-05-09,-2.8,4776381
2016-05-10,-0.11,4070616
2016-05-11,0.13,5161863
2016-05-12,-0.8,3650474
2016-05-13,0.16,2822780
2016-05-16,0.33,2949395
2016-05-17,-1.74,2843596
2016-05-18,3.18,5617518
2016-05-19,1.91,6866320
2016-05-20,2.36,9007075
2016-05-23,-1.84,5102478
2016-05-24,0.78,3013842
2016-05-25,0.77,3132614
2016-05-26,2.52,4072423
2016-05-27,-0.92,3650271
2016-05-31,0.09,2789001
2016-06-01,-1.64,2982694
2016-06-02,-0.27,2032831
2016-06-03,0.01,2228969
2016-06-06,0.77,2249507
2016-06-07,5.28,6213572
2016-06-08,1.37,5971994
2016-06-09,-2.62,4492074
2016-06-10,-4.61,6026602
2016-06-13,-0.42,4193021
2016-06-14,-1.34,3580166
2016-06-15,1.27,2908521
2016-06-16,0.11,2440258
2016-06-17,-1.13,3112619
2016-06-20,1.96,3555470
2016-06-21,-0.04,4529004
2016-06-22,-10.45,23742406
2016-06-23,-0.13,10130748
2016-06-24,-1.65,7026515
2016-06-27,2.8,7220323
2016-06-28,1.63,6212421
2016-06-29,4.16,5994907
2016-06-30,0.99,4843109
2016-07-01,1.99,5399950
2016-07-05,-1.16,5175344
2016-07-06,0.22,4919853
2016-07-07,0.7,3612021
2016-07-08,0.39,4074784
2016-07-11,3.69,5429821
2016-07-12,-0.06,4576164
2016-07-13,-0.94,3567061
2016-07-14,-0.45,2675833
2016-07-15,-0.51,2234246
2016-07-18,2.65,3412054
2016-07-19,-0.44,3115064
2016-07-20,1.38,2568497
2016-07-21,-3.44,4428650
2016-07-22,0.8,2579691
2016-07-25,3.48,4490682
2016-07-26,-0.22,3430041
2016-07-27,-0.44,2889006
2016-07-28,0.93,2419058
2016-07-29,1.81,3070812
2016-08-01,-2.04,4016283
2016-08-02,-1.22,3934431
2016-08-03,-0.62,3887758
2016-08-04,2.13,4146996
2016-08-05,-0.25,3205214
2016-08-08,-1.68,2263583
2016-08-09,1.29,2207832
2016-08-10,-1.5,2338300
2016-08-11,-0.33,1880935
2016-08-12,0.31,1813539
2016-08-15,-0.01,2034327
2016-08-16,-0.88,2267146
2016-08-17,-0.17,1787126
2016-08-18,0.12,1714466
2016-08-19,0.67,1659529
2016-08-22,-0.92,2065492
2016-08-23,0.86,4784417
2016-08-24,-0.99,2570692
2016-08-25,-0.75,1762518
2016-08-26,-0.44,2238991
2016-08-29,-2.18,3266333
2016-08-30,-1.79,3168861
2016-08-31,0.32,3276547
2016-09-01,-5.3,7943137
2016-09-02,-1.49,5977412
2016-09-06,2.55,4390571
2016-09-07,-0.55,3640922
2016-09-08,-2.16,3377945
2016-09-09,-1.46,3756991
2016-09-12,1.97,3715160
2016-09-13,-1.13,3589378
2016-09-14,0.18,2259230
2016-09-15,2.04,3085114
2016-09-16,2.48,3107807
2016-09-19,0.46,2299497
2016-09-20,-0.82,2410487
2016-09-21,0.28,2633502
2016-09-22,0.59,2382901
2016-09-23,0.49,2905228
2016-09-26,0.74,2394357
2016-09-27,-1.52,3373179
2016-09-28,0.22,2088373
2016-09-29,-2.7,2727028
2016-09-30,1.66,2586272
2016-10-03,4.74,5999891
2016-10-04,-1.07,3541480
2016-10-05,-1.4,1877533
2016-10-06,-3.58,4703401
2016-10-07,-2.18,3493017
2016-10-10,2.21,3316296
2016-10-11,-0.42,2328421
2016-10-12,0.7,1970688
2016-10-13,-0.63,2495412
2016-10-14,-1.86,4269849
2016-10-17,-1.3,4554079
2016-10-18,2.65,5680474
2016-10-19,2.24,6991183
2016-10-20,-2.19,5072876
2016-10-21,0.5,2943401
2016-10-24,1.33,2751561
2016-10-25,-0.21,2445013
2016-10-26,-0.05,5632840
2016-10-27,0.88,13093739
2016-10-28,-1.98,4280140
2016-10-31,-1.12,4692272
2016-11-01,-3.51,7060035
2016-11-02,-1.45,4253381
2016-11-03,-0.32,2653022
2016-11-04,1.68,5146042
2016-11-07,1.39,3870111
2016-11-08,0.9,3267579
2016-11-09,-2.5,8173064
2016-11-10,-2.48,6750340
2016-11-11,1.73,3988503
2016-11-14,-3.77,6552204
2016-11-15,1.28,3902017
2016-11-16,0.09,3434436
2016-11-17,2.57,4887066
2016-11-18,-1.93,5210346
2016-11-21,-0.27,4361042
2016-11-22,3.6,5603360
2016-11-23,1.03,4891892
2016-11-25,1.82,2366097
2016-11-28,-0.27,4529181
2016-11-29,-3.34,4439255
2016-11-30,-0.09,3547103
2016-12-01,-3.97,5126400
2016-12-02,-0.23,4042323
2016-12-05,2.94,4072238
2016-12-06,-0.51,3391621
2016-12-07,3.93,5461850
2016-12-08,-0.45,3194147
2016-12-09,-0.06,2722504
2016-12-12,0.13,2438875
2016-12-13,2.97,6823883
2016-12-14,0.27,4150926
2016-12-15,-0.56,3219566
2016-12-16,2.48,3796888
2016-12-19,0.12,3488070
2016-12-20,2.99,4689069
2016-12-21,-0.52,5207621
2016-12-22,0.36,3111107
2016-12-23,2.35,4670463
2016-12-27,2.9,5915731
2016-12-28,0.1,3782455
2016-12-29,-2.3,4044967
2016-12-30,-0.46,4642619
2017-01-03,1.54,5923253
2017-01-04,4.61,11213469
2017-01-05,-0.11,5911694
2017-01-06,1.0,5527892
2017-01-09,0.99,3979483
2017-01-10,-0.61,3659954
2017-01-11,-0.06,3650824
2017-01-12,-0.06,3790228
2017-01-13,3.55,6092959
2017-01-17,-0.91,4617521
2017-01-18,1.18,3768966
2017-01-19,2.27,7732303
2017-01-20,0.4,4204274
2017-01-23,1.71,6262937
2017-01-24,2.29,4965450
2017-01-25,-0.05,5146360
2017-01-26,-0.77,3152122
2017-01-27,0.17,3166335
2017-01-30,-0.92,3801073
2017-01-31,0.52,4116103
2017-02-01,-1.07,3958828
2017-02-02,0.93,2499774
2017-02-03,-0.09,2186722
2017-02-06,2.56,3562516
2017-02-07,-0.11,4244774
2017-02-08,1.79,3933013
2017-02-09,2.72,7820221
2017-02-10,0.01,3619738
2017-02-13,4.22,7029604
2017-02-14,0.14,7345223
2017-02-15,-0.43,4947855
2017-02-16,-3.86,7077321
2017-02-17,1.22,6257148
2017-02-21,1.9,5676746
2017-02-22,-1.4,8754975
2017-02-23,-6.41,14915249
2017-02-24,0.39,8171625
2017-02-27,-4.19,11460809
2017-02-28,1.53,6078144
2017-03-01,0.01,4809487
2017-03-02,0.18,3351832
2017-03-03,0.43,2929233
2017-03-06,-0.14,3355499
2017-03-07,-1.04,3459469
2017-03-08,-0.69,3728648
2017-03-09,-0.8,3879292
2017-03-10,-0.49,3066271
2017-03-13,1.02,3022624
2017-03-14,4.81,7598444
2017-03-15,-0.88,5330805
2017-03-16,2.47,7132152
2017-03-17,-0.21,6497495
2017-03-20,0.16,3614293
2017-03-21,-4.29,6908553
2017-03-22,1.73,4059296
2017-03-23,-0.09,3320244
2017-03-24,3.29,5647252
2017-03-27,2.68,6230794
2017-03-28,2.68,7987603
2017-03-29,-0.03,3676156
2017-03-30,0.19,4148425
2017-03-31,0.14,3294639
2017-04-03,7.27,13888618
2017-04-04,1.74,10134559
2017-04-05,-2.86,7880937
2017-04-06,1.25,5520587
2017-04-07,1.29,4579612
2017-04-10,3.26,7664457
2017-04-11,-1.18,5724576
2017-04-12,-3.85,6050681
2017-04-13,2.41,9284633
2017-04-17,-0.84,4138735
2017-04-18,-0.39,3035697
2017-04-19,1.76,3898023
2017-04-20,-0.99,6149351
2017-04-21,1.02,4509755
2017-04-24,0.8,5083504
2017-04-25,1.87,6737707
2017-04-26,-1.15,4695043
2017-04-27,-0.5,3468568
2017-04-28,1.76,4505477
2017-05-01,2.79,8829564
2017-05-02,-1.22,5382776
2017-05-03,-2.47,7133364
2017-05-04,-5.0,14152009
2017-05-05,4.36,8177347
2017-05-08,-0.38,7006471
2017-05-09,4.58,9676536
2017-05-10,1.23,5741606
2017-05-11,-0.65,4753818
2017-05-12,0.53,4121611
2017-05-15,-2.75,7622003
2017-05-16,0.36,4152483
2017-05-17,-3.44,6711939
2017-05-18,2.27,5653800
2017-05-19,-0.71,4687571
2017-05-22,-0.15,4329177
2017-05-23,-2.09,4318353
2017-05-24,2.09,5041691
2017-05-25,2.13,5013962
2017-05-26,2.62,7802199
2017-05-30,3.06,7782915
2017-05-31,1.76,9963443
2017-06-01,-0.19,7607995
2017-06-02,-0.15,5590237
2017-06-05,2.2,6784367
2017-06-06,1.59,11086799
2017-06-07,1.93,9397958
2017-06-08,2.88,9061495
2017-06-09,-3.43,17261438
2017-06-12,0.47,10517659
2017-06-13,4.72,11807919
2017-06-14,1.25,12818429
2017-06-15,-1.4,10426469
2017-06-16,-1.05,6730972
2017-06-19,-0.43,6549331
2017-06-20,0.66,7438700
2017-06-21,1.12,4923209
2017-06-22,1.65,7529777
2017-06-23,0.22,6445757
2017-06-26,-1.55,6604098
2017-06-27,-4.01,6996398
2017-06-28,2.45,6302462
2017-06-29,-2.83,8221036
2017-06-30,0.24,5848520
2017-07-03,-2.49,6305400
2017-07-05,-7.24,17046698
2017-07-06,-5.58,19324499
2017-07-07,1.42,14176919
2017-07-10,0.9,13820889
2017-07-11,3.53,11559399
2017-07-12,0.7,10346129
2017-07-13,-1.85,8594465
2017-07-14,1.35,5625210
2017-07-17,-2.5,9876911
2017-07-18,2.71,6373719
2017-07-19,-0.91,6357013
2017-07-20,1.43,5166187
2017-07-21,-0.46,4901605
2017-07-24,4.3,8637081
2017-07-25,-0.85,6989196
2017-07-26,1.25,4820789
2017-07-27,-2.73,8302404
2017-07-28,0.18,4880413
2017-07-31,-3.46,8535135
2017-08-01,-1.21,8303101
2017-08-02,1.98,13091459
2017-08-03,6.51,13535030
2017-08-04,2.83,9268908
2017-08-07,-0.49,6324479
2017-08-08,2.83,7449836
2017-08-09,-0.46,6892095
2017-08-10,-2.24,7092857
2017-08-11,0.7,4365782
2017-08-14,1.66,4519185
2017-08-15,-0.4,3085087
2017-08-16,0.16,3413772
2017-08-17,-3.03,5027659
2017-08-18,-1.27,5408182
2017-08-21,-2.76,6495423
2017-08-22,1.03,4321965
2017-08-23,3.35,4954503
2017-08-24,0.05,4584686
2017-08-25,-1.38,3483955
2017-08-28,-0.69,3763955
2017-08-29,0.49,4073674
2017-08-30,1.68,3412942
2017-08-31,0.77,4072794
2017-09-01,-0.14,3049545
2017-09-05,-1.63,3848381
2017-09-06,-1.45,4091350
2017-09-07,1.76,4239212
2017-09-08,-2.06,3263507
2017-09-11,5.91,7667055
2017-09-12,-0.26,5972906
2017-09-13,0.96,4185230
2017-09-14,3.12,7202523
2017-09-15,0.57,5420495
2017-09-18,1.37,7187979
2017-09-19,-2.57,6451885
2017-09-20,-0.32,4919051
2017-09-21,-1.99,4618189
2017-09-22,-4.2,8159417
2017-09-25,-1.74,7605945
2017-09-26,0.08,7156273
2017-09-27,-1.24,6060329
2017-09-28,-0.4,5319616
2017-09-29,0.44,5107081
2017-10-02,0.13,5286773
2017-10-03,1.94,10153599
2017-10-04,1.97,8163542
2017-10-05,0.09,4171674
2017-10-06,0.44,4297473
2017-10-09,-3.91,7493652
2017-10-10,3.69,6978495
2017-10-11,-0.28,4500830
2017-10-12,0.3,4087047
2017-10-13,-0.03,3540532
2017-10-16,-1.4,5375485
2017-10-17,1.47,3293344
2017-10-18,1.1,4939073
2017-10-19,-2.18,5061842
2017-10-20,-1.91,4930394
2017-10-23,-2.34,5747345
2017-10-24,0.09,4491671
2017-10-25,-3.41,8594072
2017-10-26,0.1,5023499
2017-10-27,-1.63,6979703
2017-10-30,-0.25,4254377
2017-10-31,3.58,5672346
2017-11-01,-3.15,8457335
2017-11-02,-6.8,19791417
2017-11-03,2.28,8893973
2017-11-06,-1.08,6486008
2017-11-07,1.08,5294273
2017-11-08,-0.54,4725270
2017-11-09,-0.46,5447146
2017-11-10,0.0,4625428
2017-11-13,4.1,7584943
2017-11-14,-2.12,5676075
2017-11-15,0.84,5978664
2017-11-16,0.39,5822072
2017-11-17,0.82,13735139
2017-11-20,-2.0,8247649
2017-11-21,2.94,7261272
2017-11-22,-1.64,4917635
2017-11-24,0.94,3244064
2017-11-27,0.4,4555893
2017-11-28,0.23,4949490
2017-11-29,-3.15,8767397
2017-11-30,0.43,4351586
2017-12-01,-0.75,4292867
2017-12-04,-0.43,5835139
2017-12-05,-0.49,4646519
2017-12-06,3.15,7195340
2017-12-07,-0.64,4780596
2017-12-08,1.25,3468457
2017-12-11,4.37,7937980
2017-12-12,3.68,8733199
2017-12-13,-0.59,6221460
2017-12-14,-0.34,5799915
2017-12-15,1.65,6933199
2017-12-18,-1.33,5476165
2017-12-19,-2.29,6824971
2017-12-20,-0.64,5953799
2017-12-21,0.81,4385221
2017-12-22,-1.95,4215806
2017-12-26,-2.43,4378412
2017-12-27,-1.78,4712109
2017-12-28,1.19,4316346
2017-12-29,-1.27,3777154
2018-01-02,2.95,4352240
2018-01-03,-1.02,4521525
2018-01-04,-0.83,9946303
2018-01-05,0.62,4591179
2018-01-08,6.26,9859434
2018-01-09,-0.81,7146630
2018-01-10,0.33,4309925
2018-01-11,0.94,6645483
2018-01-12,-0.51,4825058
2018-01-16,1.14,6474250
2018-01-17,2.09,7103504
2018-01-18,-0.75,5685844
2018-01-19,1.58,4888302
2018-01-22,0.44,6210359
2018-01-23,0.35,5465413
2018-01-24,-1.96,5287477
2018-01-25,-2.39,6740303
2018-01-26,1.54,4539355
2018-01-29,1.95,4747148
2018-01-30,-1.06,4717699
2018-01-31,2.46,6214068
2018-02-01,-1.43,4197686
2018-02-02,-1.57,3704835
2018-02-05,-3.09,4464146
2018-02-06,0.25,5088437
2018-02-07,3.3,6969238
2018-02-08,-8.63,10314569
2018-02-09,-1.53,12933719
2018-02-12,1.71,6227821
2018-02-13,2.51,4560229
2018-02-14,-0.42,3950742
2018-02-15,3.65,5912916
2018-02-16,0.43,5642636
2018-02-20,-0.21,4009434
2018-02-21,-0.44,3219648
2018-02-22,3.86,6969807
2018-02-23,1.7,5817386
2018-02-26,1.53,4339984
2018-02-27,-1.8,4797418
2018-02-28,-2.26,6069657
2018-03-01,-3.54,6885600
2018-03-02,1.27,5092828
2018-03-05,-0.53,3823768
2018-03-06,-1.54,4285743
2018-03-07,1.25,5007296
2018-03-08,-0.96,3566243
2018-03-09,-0.59,5506763
2018-03-12,5.61,8264034
2018-03-13,-1.06,5965804
2018-03-14,-4.45,7967369
2018-03-15,-0.32,6564800
2018-03-16,-1.31,6117278
2018-03-19,-2.42,7484292
2018-03-20,-0.96,4764292
2018-03-21,1.93,5958410
2018-03-22,-2.35,4939770
2018-03-23,-2.45,6654898
2018-03-26,0.88,8375175
2018-03-27,-8.22,13872030
2018-03-28,-7.67,21001438
2018-03-29,3.24,15170750
2018-04-02,-5.13,16113969
2018-04-03,5.96,18844378
2018-04-04,7.26,19896749
2018-04-05,6.54,19121099
2018-04-06,-2.1,13520289
2018-04-09,-3.22,10249809
2018-04-10,5.19,11024259
2018-04-11,-1.24,7482944
2018-04-12,-2.28,7608768
2018-04-13,2.13,7327223
2018-04-16,-3.04,6338487
2018-04-17,-1.21,7000022
2018-04-18,1.97,6557699
2018-04-19,2.29,6090598
2018-04-20,-3.28,5627927
2018-04-23,-2.37,4893377
2018-04-24,0.03,5685307
2018-04-25,-0.98,4013573
2018-04-26,1.71,4356012
2018-04-27,3.01,4364625
2018-04-30,-0.06,4228171
2018-05-01,2.05,4625602
2018-05-02,0.41,8970369
2018-05-03,-5.55,17352130
2018-05-04,3.39,8569353
2018-05-07,2.95,8678223
2018-05-08,-0.26,5929999
2018-05-09,1.62,5727364
2018-05-10,-0.6,5651560
2018-05-11,-1.3,4679648
2018-05-14,-3.02,7286803
2018-05-15,-2.67,9519107
2018-05-16,0.81,5674018
2018-05-17,-0.68,4420611
2018-05-18,-2.71,7251887
2018-05-21,2.77,9182570
2018-05-22,-3.33,8945755
2018-05-23,1.48,5985052
2018-05-24,-0.44,4176707
2018-05-25,0.36,3875081
2018-05-29,1.76,5666639
2018-05-30,2.81,7489685
2018-05-31,-2.4,5919720
2018-06-01,2.49,5424385
2018-06-04,1.69,4797809
2018-06-05,-1.89,5995156
2018-06-06,9.74,18767270
2018-06-07,-1.07,14345270
2018-06-08,0.5,8205201
2018-06-11,4.55,13183469
2018-06-12,3.21,22347399
2018-06-13,0.59,9469803
2018-06-14,3.75,10981019
2018-06-15,0.13,10848249
2018-06-18,3.53,12073229
2018-06-19,-4.93,12761899
2018-06-20,2.74,8383655
2018-06-21,-4.06,7967144
2018-06-22,-3.99,10266059
2018-06-25,-0.19,6931303
2018-06-26,2.7,7452486
2018-06-27,0.73,8333727
2018-06-28,1.58,8398004
2018-06-29,-1.99,6492395
2018-07-02,-2.3,18759769
2018-07-03,-7.23,12282639
2018-07-05,-0.55,17476368
2018-07-06,-0.08,8865451
2018-07-09,3.11,7596752
2018-07-10,1.24,9471497
2018-07-11,-1.09,4884075
2018-07-12,-0.71,5721165
2018-07-13,0.68,5875769
2018-07-16,-2.75,7818654
2018-07-17,4.06,6996231
2018-07-18,0.36,5624210
2018-07-19,-1.12,5915344
2018-07-20,-2.08,5166546
2018-07-23,-3.31,10992949
2018-07-24,-1.9,9590783
2018-07-25,3.8,7094179
2018-07-26,-0.68,4630521
2018-07-27,-3.09,5703325
2018-07-30,-2.36,6814071
2018-07-31,2.75,5076915
2018-08-01,0.91,10129429
2018-08-02,16.19,23214960
2018-08-03,-0.39,13656489
2018-08-06,-1.77,8564331
2018-08-07,10.99,30875769
2018-08-08,-2.43,24571158
2018-08-09,-4.83,17183810
2018-08-10,0.86,11552039
2018-08-13,0.26,10463879
2018-08-14,-2.46,6986427
2018-08-15,-2.57,9101257
2018-08-16,-0.96,6064032
2018-08-17,-8.93,18958608
2018-08-20,0.96,17402339
2018-08-21,4.36,13172229
2018-08-22,-0.08,5945954
2018-08-23,-0.48,5147285
2018-08-24,0.85,3602563
2018-08-27,-1.1,13079289
2018-08-28,-2.32,7649090
2018-08-29,-2.2,7447391
2018-08-30,-0.61,7216705
2018-08-31,-0.49,5375103
2018-09-04,-4.21,8350468
2018-09-05,-2.84,7720820
2018-09-06,0.07,7480759
2018-09-07,-6.3,22491931
2018-09-10,8.46,14283529
2018-09-11,-2.12,9169988
2018-09-12,3.97,10015429
2018-09-13,-0.37,6340335
2018-09-14,1.98,6765611
2018-09-17,-0.12,6887576
2018-09-18,-3.35,16547519
2018-09-19,4.93,8294916
2018-09-20,-0.23,7349420
2018-09-21,0.26,5050477
2018-09-24,0.19,4842960
2018-09-25,0.44,4481728
2018-09-26,2.85,7843215
2018-09-27,-0.67,8509083
2018-09-28,-13.9,33649686
2018-10-01,17.35,21777599
2018-10-02,-3.12,11743509
2018-10-03,-2.07,7994987
2018-10-04,-4.4,9814211
2018-10-05,-7.05,17944536
2018-10-08,-4.35,13472649
2018-10-09,4.89,12060569
2018-10-10,-2.25,12815279
2018-10-11,-1.81,8167737
2018-10-12,2.6,7201403
2018-10-15,0.31,6199964
2018-10-16,6.55,9526399
2018-10-17,-1.74,8655541
2018-10-18,-2.9,5421183
2018-10-19,-1.48,9375548
2018-10-22,0.37,5600259
2018-10-23,12.72,19027751
2018-10-24,-1.92,20058259
2018-10-25,9.14,20840720
2018-10-26,5.09,27425518
2018-10-29,1.19,14486030
2018-10-30,-1.48,9126703
2018-10-31,2.25,7624347
2018-11-01,2.06,8000131
2018-11-02,0.62,7807971
2018-11-05,-1.45,7831047
2018-11-06,-0.1,6762888
2018-11-07,2.08,7374521
2018-11-08,0.93,7090673
2018-11-09,-0.25,5098845
2018-11-12,-5.49,6941522
2018-11-13,2.25,5448596
2018-11-14,1.56,5040286
2018-11-15,1.29,4625717
2018-11-16,1.68,7206190
2018-11-19,-0.24,9708870
2018-11-20,-1.69,8004708
2018-11-21,-2.68,4686807
2018-11-23,-3.65,4202641
2018-11-26,6.19,7992140
2018-11-27,-0.6,6358299
2018-11-28,1.15,4127577
2018-11-29,-1.93,3080723
2018-11-30,2.73,5628894
2018-12-03,2.29,8306511
2018-12-04,0.34,8461944
2018-12-06,0.93,7842507
2018-12-07,-1.4,11511179
2018-12-10,2.01,6613454
2018-12-11,0.44,6308768
2018-12-12,-0.04,5027047
2018-12-13,2.78,7365853
2018-12-14,-2.94,6337554
2018-12-17,-4.73,7674007
2018-12-18,-3.27,7099999
2018-12-19,-1.2,8274180
2018-12-20,-5.28,9071857
2018-12-21,1.39,8016800
2018-12-24,-7.62,5559912
2018-12-26,10.39,8163137
2018-12-27,-3.05,8575132
2018-12-28,5.61,9938991
2018-12-31,-0.32,6302337
2019-01-02,-6.81,11658649
2019-01-03,-3.15,6965183
2019-01-04,5.77,7394115
2019-01-07,5.44,7551224
2019-01-08,0.12,7008515
2019-01-09,0.95,5432944
2019-01-10,1.9,6056353
2019-01-11,0.66,5039051
2019-01-14,-3.7,5247283
2019-01-15,3.0,6056589
2019-01-16,0.47,4691738
2019-01-17,0.36,3676732
2019-01-18,-12.97,24150758
2019-01-22,-1.11,12066739
2019-01-23,-3.79,12529989
2019-01-24,1.36,8012154
2019-01-25,1.9,7258077
2019-01-28,-0.22,6423278
2019-01-29,0.36,4621691
2019-01-30,3.8,11250319
2019-01-31,-0.57,12569249
2019-02-01,1.69,7283440
2019-02-04,0.22,7352081
2019-02-05,2.7,6742764
2019-02-06,-1.29,5038545
2019-02-07,-3.06,6520610
2019-02-08,-0.56,5844211
2019-02-11,2.3,7129712
2019-02-12,-0.33,5517569
2019-02-13,-1.17,5141616
2019-02-14,-1.43,5200831
2019-02-15,1.35,3904946
2019-02-19,-0.73,4168442
2019-02-20,-1.01,7142116
2019-02-21,-3.75,8909181
2019-02-22,1.19,5740557
2019-02-25,1.38,6626521
2019-02-26,-0.3,8582535
2019-02-27,5.67,11183909
2019-02-28,1.63,10520649
2019-03-01,-7.84,22911380
2019-03-04,-3.2,17096819
2019-03-05,-3.09,18764739
2019-03-06,-0.11,10335489
2019-03-07,0.13,9442483
2019-03-08,2.73,8819624
2019-03-11,2.39,7392276
2019-03-12,-2.6,7504136
2019-03-13,1.98,6844719
2019-03-14,0.35,7103446
2019-03-15,-5.01,14785529
2019-03-18,-2.16,10280979
2019-03-19,-0.75,11800629
2019-03-20,2.29,6908223
2019-03-21,0.15,5947097
2019-03-22,-3.46,8745608
2019-03-25,-1.55,10215029
2019-03-26,2.82,7350947
2019-03-27,2.64,8779165
2019-03-28,1.38,6774092
2019-03-29,0.44,5991337
2019-04-01,3.33,8110438
2019-04-02,-1.14,5478939
2019-04-03,2.07,7929863
2019-04-04,-8.23,23720730
2019-04-05,2.68,13038259
2019-04-08,-0.64,10410439
2019-04-09,-0.33,5904030
2019-04-10,1.38,7061313
2019-04-11,-2.77,9835926
2019-04-12,-0.27,6745973
2019-04-15,-0.49,10038579
2019-04-16,2.62,7272929
2019-04-17,-0.78,5126467
2019-04-18,0.75,5876324
2019-04-22,-3.85,12147139
2019-04-23,0.44,10943859
2019-04-24,-1.99,10727449
2019-04-25,-4.26,21849390
2019-04-26,-5.04,22360712
2019-04-29,2.69,16714479
2019-04-30,-1.15,9464627
2019-05-01,-1.96,10704348
2019-05-02,4.31,18159339
2019-05-03,4.48,23706769
2019-05-06,0.12,10833939
2019-05-07,-3.24,10131409
2019-05-08,-0.9,6176439
2019-05-09,-1.17,6711380
2019-05-10,-1.02,7008335
2019-05-13,-5.22,10834799
2019-05-14,2.33,7252411
2019-05-15,-0.15,7295975
2019-05-16,-1.56,7483272
2019-05-17,-7.58,17786671
2019-05-20,-2.69,20526198
2019-05-21,-0.14,18003897
2019-05-22,-6.02,18685190
2019-05-23,1.43,26547139
2019-05-24,-2.49,14136569
2019-05-28,-1.01,10312899
2019-05-29,0.61,11968639
2019-05-30,-0.86,7926475
2019-05-31,-1.63,10406729
2019-06-03,-3.34,13064409
2019-06-04,8.18,13807519
2019-06-05,1.54,13510759
2019-06-06,4.76,20242151
2019-06-07,-0.7,16003529
2019-06-10,4.1,10585039
2019-06-11,1.98,11653539
2019-06-12,-3.61,15197539
2019-06-13,2.22,8168259
2019-06-14,0.47,7433401
2019-06-17,4.7,12316799
2019-06-18,-0.13,12715789
2019-06-19,0.75,6575134
2019-06-20,-3.01,11863459
2019-06-21,1.02,8202076
2019-06-24,0.8,5750770
2019-06-25,-1.73,6182070
2019-06-26,-0.22,8507207
2019-06-27,1.63,6339709
2019-06-28,0.28,6851383
2019-07-01,1.66,8237963
2019-07-02,-1.15,9259027
2019-07-03,4.61,14201150
2019-07-05,-0.77,7065737
2019-07-08,-1.18,5880541
2019-07-09,-0.12,6190834
2019-07-10,3.85,9145735
2019-07-11,-0.13,7514429
2019-07-12,2.72,9200520
2019-07-15,3.44,11000089
2019-07-16,-0.44,8148988
2019-07-17,0.98,9764726
2019-07-18,-0.52,4764482
2019-07-19,1.83,7048409
2019-07-22,-0.97,6846272
2019-07-23,1.76,5023120
2019-07-24,1.81,11072839
2019-07-25,-13.61,22418247
2019-07-26,-0.34,10027699
2019-07-29,3.39,9273331
2019-07-30,2.75,8109013
2019-07-31,-0.27,9178207
2019-08-01,-3.21,8259515
2019-08-02,0.21,6136480
2019-08-05,-2.57,7028278
2019-08-06,1.06,5564199
2019-08-07,1.16,4776499
2019-08-08,2.09,5274348
2019-08-09,-1.38,3898243
2019-08-12,-2.55,4663936
2019-08-13,2.62,4868997
2019-08-14,-6.55,9562591
2019-08-15,-1.81,8231951
2019-08-16,1.99,5207375
2019-08-19,3.13,5311747
2019-08-20,-0.43,4170526
2019-08-21,-2.23,7799743
2019-08-22,0.6,6564963
2019-08-23,-4.84,8559703
2019-08-26,1.7,5054413
2019-08-27,-0.43,5420726
2019-08-28,0.71,3238624
2019-08-29,2.84,5183103
2019-08-30,1.76,9327775
2019-09-03,-0.27,5360545
2019-09-04,-1.92,5768695
2019-09-05,4.03,7403321
2019-09-06,-0.93,4189371
2019-09-09,1.91,4802668
2019-09-10,1.62,4883713
2019-09-11,4.91,10042779
2019-09-12,-0.5,8581209
2019-09-13,-0.27,5313144
2019-09-16,-0.98,4728095
2019-09-17,0.82,3946908
2019-09-18,-0.53,4228102
2019-09-19,1.28,4883133
2019-09-20,-2.43,6506263
2019-09-23,0.25,4391629
2019-09-24,-7.47,12941109
2019-09-25,2.46,9444284
2019-09-26,6.06,12078789
2019-09-27,-0.18,11123179
2019-09-30,-0.52,5946160
2019-10-01,1.59,6196289
2019-10-02,-0.64,6256547
2019-10-03,-4.15,15137759
2019-10-04,-0.69,8021179
2019-10-07,2.72,8086956
2019-10-08,0.98,8702337
2019-10-09,1.87,6935032
2019-10-10,0.09,6313416
2019-10-11,1.29,8488159
2019-10-14,3.66,10226859
2019-10-15,0.36,6479455
2019-10-16,0.72,6704302
2019-10-17,0.85,4779042
2019-10-18,-1.92,5753665
2019-10-21,-1.34,5108100
2019-10-22,0.82,4625094
2019-10-23,-0.35,11216179
2019-10-24,17.67,29819228
2019-10-25,9.49,30006086
2019-10-28,-0.13,18870288
2019-10-29,-3.51,12684269
2019-10-30,-0.38,9641809
2019-10-31,-0.03,5066955
2019-11-01,-0.51,6383928
2019-11-04,1.33,8787039
2019-11-05,-0.08,6943416
2019-11-06,2.95,7940931
2019-11-07,2.74,14467350
2019-11-08,0.48,6074220
2019-11-11,2.36,9993688
2019-11-12,1.4,7359382
2019-11-13,-1.09,8467863
2019-11-14,0.94,6471702
2019-11-15,0.81,4812562
2019-11-18,-0.62,4408504
2019-11-19,2.72,7736077
2019-11-20,-2.03,6733964
2019-11-21,0.74,6110012
2019-11-22,-6.14,16870640
2019-11-25,0.99,12345769
2019-11-26,-2.21,7956238
2019-11-27,0.72,5563458
2019-11-29,-0.41,2465628
2019-12-02,1.49,6081985
2019-12-03,0.4,6613475
2019-12-04,-0.94,5536253
2019-12-05,-0.8,3736975
2019-12-06,1.67,7618936
2019-12-09,1.08,9040216
2019-12-10,2.74,8839951
2019-12-11,1.11,6919161
2019-12-12,1.98,7776210
2019-12-13,-0.36,6489079
2019-12-16,6.45,18220938
2019-12-17,-0.66,8503775
2019-12-18,3.74,14136390
2019-12-19,2.77,18120310
2019-12-20,0.38,14785209
2019-12-23,3.36,13332819
2019-12-24,1.44,8054719
2019-12-26,1.34,10648289
2019-12-27,-0.13,9956826
2019-12-30,-3.64,12601269
2019-12-31,0.88,10292459
2020-01-02,2.85,9558385
2020-01-03,2.96,17794698
2020-01-06,1.93,10157499
2020-01-07,3.88,18209140
2020-01-08,4.92,31199389
2020-01-09,-2.19,28463187
2020-01-10,-0.66,12976829
2020-01-13,9.77,26634549
2020-01-14,2.49,29061379
2020-01-15,-3.61,17368831
2020-01-16,-0.97,21736649
2020-01-17,-0.58,13629070
2020-01-21,7.19,17803472
2020-01-22,4.09,31369029
2020-01-23,0.46,19651038
2020-01-24,-1.29,14353599
2020-01-27,-1.2,13608070
2020-01-28,1.59,11788489
2020-01-29,2.49,18216671
2020-01-30,10.3,29005678
2020-01-31,1.52,15719270
2020-02-03,19.89,47233497
2020-02-04,13.73,60938759
2020-02-05,-17.18,48423837
2020-02-06,1.94,39880752
2020-02-07,-0.12,17063519
2020-02-10,3.1,24689158
2020-02-11,0.4,11697469
2020-02-12,-0.92,12022469
2020-02-13,4.78,26289350
2020-02-14,-0.49,15693710
2020-02-18,7.3,16698368
2020-02-19,6.88,25422959
2020-02-20,-1.96,17634890
2020-02-21,0.18,14339449
2020-02-24,-7.46,15192159
2020-02-25,-4.06,17290479
2020-02-26,-2.64,14153839
2020-02-27,-12.81,24277158
2020-02-28,-1.62,24564166
2020-03-02,11.32,20194989
2020-03-03,0.25,25783998
2020-03-04,0.54,15048979
2020-03-05,-3.33,10852659
2020-03-06,-2.91,12662919
2020-03-09,-13.57,17073739
2020-03-10,6.14,15594439
2020-03-11,-1.72,13413589
2020-03-12,-11.62,18909050
2020-03-13,-2.49,22640251
2020-03-16,-18.58,20489460
2020-03-17,-3.34,23994578
2020-03-18,-16.03,23786158
2020-03-19,18.39,30195459
2020-03-20,-0.03,28285500
2020-03-23,1.58,16454550
2020-03-24,16.28,22895167
2020-03-25,6.78,21222751
2020-03-26,-2.06,17422079
2020-03-27,-2.61,14377409
2020-03-30,-2.38,11998069
2020-03-31,4.36,17771489
2020-04-01,-8.1,13353179
2020-04-02,-5.63,19858431
2020-04-03,5.62,22562079
2020-04-06,7.55,14901839
2020-04-07,5.66,17919778
2020-04-08,0.62,12656019
2020-04-09,4.4,13649999
2020-04-13,13.6,22475419
2020-04-14,9.05,30576508
2020-04-15,2.81,23576998
2020-04-16,2.11,20657858
2020-04-17,1.16,13128229
2020-04-20,-1.0,14746369
2020-04-21,-7.99,20209087
2020-04-22,6.61,14224830
2020-04-23,-3.62,13236699
2020-04-24,2.77,13237609
2020-04-27,10.15,20681438
2020-04-28,-3.71,15221959
2020-04-29,4.08,16215978
2020-04-30,-2.33,28471846
2020-05-01,-10.3,32531807
2020-05-04,8.54,19237087
2020-05-05,0.92,16991659
2020-05-06,1.87,11123228
2020-05-07,-0.32,11527689
2020-05-08,5.05,16130089
2020-05-11,-0.99,16519599
2020-05-12,-0.23,15906910
2020-05-13,-2.28,19065489
2020-05-14,1.56,13682190
2020-05-15,-0.52,10518428
2020-05-18,1.81,11698099
2020-05-19,-0.69,9636521
2020-05-20,0.93,7309270
2020-05-21,1.48,12254579
2020-05-22,-1.3,9987475
2020-05-26,0.24,8089735
2020-05-27,0.17,11549529
2020-05-28,-1.76,7275772
2020-05-29,3.62,11812489
2020-06-01,7.56,15085299
2020-06-02,-1.84,13565599
2020-06-03,0.16,7949468
2020-06-04,-2.1,8887712
2020-06-05,2.46,7811916
2020-06-08,7.26,14174729
2020-06-09,-0.97,11388149
2020-06-10,8.97,18563409
2020-06-11,-5.09,15916479
2020-06-12,-3.86,16763368
2020-06-15,5.95,15697178
2020-06-16,-0.89,14051079
2020-06-17,0.98,9890799
2020-06-18,1.23,9751935
2020-06-19,-0.3,8679748
2020-06-22,-0.66,6362349
2020-06-23,0.75,6365270
2020-06-24,-4.09,10959589
2020-06-25,2.62,9254548
2020-06-26,-2.66,8854907
2020-06-29,5.17,9026403
2020-06-30,6.98,16918499
2020-07-01,3.69,13326899
2020-07-02,7.95,17250118
2020-07-06,13.48,20569858
2020-07-07,1.33,21489657
2020-07-08,-1.73,16311310
2020-07-09,2.08,11717599
2020-07-10,10.78,23337550
2020-07-13,-3.08,38985357
2020-07-14,1.32,23418140
2020-07-15,1.93,16367830
2020-07-16,-2.93,14300790
2020-07-17,0.01,9329971
2020-07-20,9.47,17121368
2020-07-21,-4.54,16157279
2020-07-22,1.53,14161079
2020-07-23,-4.98,24328498
2020-07-24,-6.35,19396618
2020-07-27,8.65,16048670
2020-07-28,-4.1,15808698
2020-07-29,1.53,9426892
2020-07-30,-0.78,7621039
2020-07-31,-3.81,12246959
2020-08-03,3.79,8809345
2020-08-04,0.13,8414989
2020-08-05,-0.13,4978014
2020-08-06,0.31,5992312
2020-08-07,-2.48,8896419
2020-08-10,-2.35,7522263
2020-08-11,-3.11,8625833
2020-08-12,13.12,21898829
2020-08-13,4.26,20425311
2020-08-14,1.83,12577609
2020-08-17,11.2,20242319
2020-08-18,2.8,16474489
2020-08-19,-0.45,12205329
2020-08-20,6.56,20611800
2020-08-21,2.41,21489560
2020-08-24,-1.75,20063618
2020-08-25,0.45,10658889
2020-08-26,6.42,14239379
2020-08-27,3.97,23693037
2020-08-28,-1.13,20081177
2020-08-31,12.57,118374394
2020-09-01,-4.67,90119419
2020-09-02,-5.83,96176122
2020-09-03,-9.02,87596083
2020-09-04,2.78,110321902
2020-09-08,-21.06,115465691
2020-09-09,10.92,79465763
2020-09-10,1.38,84930606
2020-09-11,0.37,60717455
2020-09-14,12.58,83020606
2020-09-15,7.18,97298231
2020-09-16,-1.78,72546756
2020-09-17,-4.15,76779153
2020-09-18,4.42,86406809
2020-09-21,1.64,109476793
2020-09-22,-5.6,79580794
2020-09-23,-10.34,95074177
2020-09-24,1.95,96561052
2020-09-25,5.04,67208458
2020-09-28,3.4,49719557
2020-09-29,-0.51,50341396
2020-09-30,2.37,48145564
2020-10-01,4.46,50741447
2020-10-02,-7.38,71430029
2020-10-05,2.55,44722791
2020-10-06,-2.75,49146256
2020-10-07,2.73,43127709
2020-10-08,0.15,40421119
2020-10-09,1.9,28925659
2020-10-12,1.91,38791128
2020-10-13,0.98,34463671
2020-10-14,3.28,48045389
2020-10-15,-2.69,35672351
2020-10-16,-2.05,32775878
2020-10-19,-2.01,36287839
2020-10-20,-2.06,31656286
2020-10-21,0.17,32370460
2020-10-22,0.75,39993190
2020-10-23,-1.21,33716979
2020-10-26,-0.08,28239159
2020-10-27,1.05,22686509
2020-10-28,-4.39,25451407
2020-10-29,1.18,22655310
2020-10-30,-5.55,42587639
2020-11-02,3.21,29021118
2020-11-03,5.84,34351718
2020-11-04,-0.69,32143060
2020-11-05,4.06,28414519
2020-11-06,-1.86,21706009
2020-11-09,-2.02,34833030
2020-11-10,-2.59,30284220
2020-11-11,1.65,17357720
2020-11-12,-1.29,19940499
2020-11-13,-0.79,19830349
2020-11-16,-0.1,26838640
2020-11-17,8.21,61188279
2020-11-18,10.2,78044013
2020-11-19,2.6,62475350
2020-11-20,-1.93,32911921
2020-11-23,6.58,50260299
2020-11-24,6.43,53648486
2020-11-25,3.35,48930158
2020-11-27,2.05,37561077
2020-11-30,-3.1,63003045
2020-12-01,3.02,40382830
2020-12-02,-2.73,47775646
2020-12-03,4.32,42551998
2020-12-04,0.95,29401310
2020-12-07,7.13,56309709
2020-12-08,1.27,64265029
2020-12-09,-6.99,71291193
2020-12-10,3.74,67083146
2020-12-11,-2.72,46474967
2020-12-14,4.89,52040646
2020-12-15,-1.03,45223557
2020-12-16,-1.65,42095807
2020-12-17,5.32,56270139
2020-12-18,5.96,222126196
2020-12-21,-6.49,58045260
2020-12-22,-1.46,51861639
2020-12-23,0.88,33172968
2020-12-24,2.44,22865567
2020-12-28,0.29,32278560
2020-12-29,0.35,22910808
2020-12-30,4.32,42846018
2020-12-31,1.57,49649928
2021-01-04,3.42,48638189
2021-01-05,0.73,32245167
2021-01-06,2.84,44699967
2021-01-07,7.94,51498951
2021-01-08,7.84,75055528
2021-01-11,-7.82,59554150
2021-01-12,4.72,46270717
2021-01-13,0.59,33312499
2021-01-14,-1.1,31266327
2021-01-15,-2.23,38777601
2021-01-19,2.23,25366979
2021-01-20,0.7,25665880
2021-01-21,-0.64,20598130
2021-01-22,0.2,20066499
2021-01-25,4.03,41173396
2021-01-26,0.26,23131599
2021-01-27,-2.14,27333960
2021-01-28,-3.32,26378048
2021-01-29,-5.02,34990753
2021-02-01,5.83,25391390
2021-02-02,3.93,24346206
2021-02-03,-2.07,18343509
2021-02-04,-0.55,15812659
2021-02-05,0.26,18566640
2021-02-08,1.31,20161720
2021-02-09,-1.62,15157649
2021-02-10,-5.26,36216088
2021-02-11,0.85,21622749
2021-02-12,0.55,23768310
2021-02-16,-2.44,19802319
2021-02-17,0.24,26078899
2021-02-18,-1.35,17957060
2021-02-19,-0.77,18958259
2021-02-22,-8.55,37269718
2021-02-23,-2.19,66606881
2021-02-24,6.18,36766952
2021-02-25,-8.06,39023858
2021-02-26,-0.99,41089166
2021-03-01,6.36,27136239
2021-03-02,-4.45,23732159
2021-03-03,-4.84,30207960
2021-03-04,-4.86,65919529
2021-03-05,-3.78,89396458
2021-03-08,-5.84,51786959
2021-03-09,19.64,67523326
2021-03-10,-0.82,60605670
2021-03-11,4.72,36253886
2021-03-12,-0.84,33583839
2021-03-15,2.05,29423479
2021-03-16,-4.39,32195669
2021-03-17,3.68,40372447
2021-03-18,-6.93,33369019
2021-03-19,0.26,42893978
2021-03-22,2.31,39512218
2021-03-23,-1.17,30491868
2021-03-24,-4.82,33795167
2021-03-25,1.61,39224847
2021-03-26,-3.39,33852831
2021-03-29,-1.2,28636989
2021-03-30,3.98,39432358
2021-03-31,5.08,33337288
2021-04-01,-0.93,35298378
2021-04-05,4.43,41842768
2021-04-06,0.08,28271839
2021-04-07,-2.99,26309429
2021-04-08,1.91,23924327
2021-04-09,-0.99,21437089
2021-04-12,3.69,29135669
2021-04-13,8.6,44652807
2021-04-14,-3.95,49017432
2021-04-15,0.9,27848899
2021-04-16,0.13,27979526
2021-04-19,-3.4,39686229
2021-04-20,0.61,35609038
2021-04-21,3.5,31215509
2021-04-22,-3.28,35590261
2021-04-23,1.35,28413888
2021-04-26,1.21,31038499
2021-04-27,-4.53,29436999
2021-04-28,-1.47,22271050
2021-04-29,-2.51,28845446
2021-04-30,4.79,40758717
2021-05-03,-3.46,27043140
2021-05-04,-1.65,29739319
2021-05-05,-0.39,21901890
2021-05-06,-1.1,27784618
2021-05-07,1.33,23469167
2021-05-10,-6.44,31392419
2021-05-11,-1.88,46503896
2021-05-12,-4.42,33823647
2021-05-13,-3.09,44184920
2021-05-14,3.16,33370858
2021-05-17,-2.19,32247800
2021-05-18,0.18,36830565
2021-05-19,-2.49,39578397
2021-05-20,4.14,30821118
2021-05-21,-1.01,26030599
2021-05-24,4.4,34558089
2021-05-25,-0.29,28005927
2021-05-26,2.39,28639310
2021-05-27,1.89,26370589
2021-05-28,-0.89,22737038
2021-06-01,-0.21,18084890
2021-06-02,-3.01,23302778
2021-06-03,-5.33,30111888
2021-06-04,4.58,24036899
2021-06-07,1.01,22543679
2021-06-08,-0.25,26053407
2021-06-09,-0.8,16584569
2021-06-10,1.89,23919606
2021-06-11,-0.04,16205299
2021-06-14,1.28,20423979
2021-06-15,-2.97,17764149
2021-06-16,0.92,22144130
2021-06-17,1.94,22701349
2021-06-18,1.09,24560909
2021-06-21,-0.4,24812739
2021-06-22,0.46,19158890
2021-06-23,5.27,31099229
2021-06-24,3.54,45982389
2021-06-25,-1.17,32496710
2021-06-28,2.51,21628159
2021-06-29,-1.16,17381310
2021-06-30,-0.16,18924858
2021-07-01,-0.26,18634519
2021-07-02,0.14,27097366
2021-07-06,-2.85,23284446
2021-07-07,-2.26,18791960
2021-07-08,1.27,22773319
2021-07-09,0.63,18140550
2021-07-12,4.38,25927038
2021-07-13,-2.5,20966089
2021-07-14,-2.27,21641188
2021-07-15,-0.43,20209569
2021-07-16,-0.98,16370969
2021-07-19,0.31,21297089
2021-07-20,2.21,15487129
2021-07-21,-0.79,13953339
2021-07-22,-0.92,15105729
2021-07-23,-0.91,14604939
2021-07-26,2.21,25336560
2021-07-27,-1.95,32813288
2021-07-28,0.34,16006599
2021-07-29,4.69,30394640
2021-07-30,1.45,29656407
2021-08-02,3.27,33615769
2021-08-03,0.01,21620249
2021-08-04,0.17,17002649
2021-08-05,0.52,12919639
2021-08-06,-2.17,15623049
2021-08-09,2.1,14715349
2021-08-10,-0.53,13432309
2021-08-11,-0.31,9800557
2021-08-12,2.04,17681688
2021-08-13,-0.7,16731470
2021-08-16,-4.32,23103300
2021-08-17,-2.98,23721278
2021-08-18,3.5,20349380
2021-08-19,-2.25,14313489
2021-08-20,1.01,14841869
2021-08-23,3.83,20264858
2021-08-24,0.31,13083069
2021-08-25,0.38,12645559
2021-08-26,-1.41,13214289
2021-08-27,1.53,13833759
2021-08-30,2.67,18604220
2021-08-31,0.66,20855438
2021-09-01,-0.22,13204339
2021-09-02,-0.23,12796739
2021-09-03,0.16,15271049
2021-09-07,2.64,20039829
2021-09-08,0.13,18793038
2021-09-09,0.13,14077729
2021-09-10,-2.46,15184169
2021-09-13,0.91,22952479
2021-09-14,0.2,18524880
2021-09-15,1.52,15357689
2021-09-16,0.15,13923389
2021-09-17,0.33,28204179
2021-09-20,-3.86,24757647
2021-09-21,1.26,16330719
2021-09-22,1.7,15126269
2021-09-23,0.23,11947529
2021-09-24,2.75,21373019
2021-09-27,2.19,28070659
2021-09-28,-1.74,25381419
2021-09-29,0.48,20942880
2021-09-30,-0.75,17955960
2021-10-01,-0.03,17031409
2021-10-04,0.81,30483339
2021-10-05,-0.12,18432630
2021-10-06,0.28,14632769
2021-10-07,1.39,19195778
2021-10-08,-1.02,16738599
2021-10-11,0.82,14200319
2021-10-12,1.74,22020038
2021-10-13,0.67,14120079
2021-10-14,0.89,12247169
2021-10-15,3.02,18924569
2021-10-18,3.21,24207239
2021-10-19,-0.67,17381130
2021-10-20,0.18,14032049
2021-10-21,3.26,31481446
2021-10-22,1.75,22880839
2021-10-25,12.66,62852096
2021-10-26,-0.63,62414967
2021-10-27,1.91,38526460
2021-10-28,3.78,27213167
2021-10-29,3.43,29918419
2021-11-01,8.49,56048717
2021-11-02,-3.03,42737799
2021-11-03,3.57,34628519
2021-11-04,1.32,25397407
2021-11-05,-0.64,21628810
2021-11-08,-4.84,33445718
2021-11-09,-11.99,59105838
2021-11-10,4.34,42802717
2021-11-11,-0.42,22396567
2021-11-12,-2.83,25573149
2021-11-15,-1.94,34775647
2021-11-16,4.08,26542358
2021-11-17,3.25,31445366
2021-11-18,0.68,20898929
2021-11-19,3.71,21642259
2021-11-22,1.74,33072511
2021-11-23,-4.14,36171698
2021-11-24,0.63,22560239
2021-11-26,-3.05,11680889
2021-11-29,5.09,19464470
2021-11-30,0.68,27092038
2021-12-01,-4.35,22934698
2021-12-02,-0.95,24371618
2021-12-03,-6.42,30773999
2021-12-06,-0.59,27221038
2021-12-07,4.24,18694858
2021-12-08,1.64,13968789
2021-12-09,-6.1,19812829
2021-12-10,1.32,19888118
2021-12-13,-4.98,26198499
2021-12-14,-0.82,23602087
2021-12-15,1.82,25056407
2021-12-16,-5.03,27590479
2021-12-17,0.61,33626753
2021-12-20,-3.5,18826669
2021-12-21,4.29,23839310
2021-12-22,7.49,31211358
2021-12-23,5.76,30904429
2021-12-27,2.52,23715269
2021-12-28,-0.5,20107970
2021-12-29,-0.21,18718019
2021-12-30,-1.46,15680309
2021-12-31,-1.27,13577879
2022-01-03,13.53,34895351
2022-01-04,-4.18,33416089
2022-01-05,-5.35,26706599
2022-01-06,-2.15,30112159
2022-01-07,-3.54,28054919
2022-01-10,3.03,30604960
2022-01-11,0.59,22021069
2022-01-12,3.93,27913007
2022-01-13,-6.75,32403259
2022-01-14,1.75,24308140
2022-01-18,-1.82,22329800
2022-01-19,-3.38,25147499
2022-01-20,0.06,23496247
2022-01-21,-5.26,34472007
2022-01-24,-1.47,50791709
2022-01-25,-1.25,28865300
2022-01-26,2.07,34955761
2022-01-27,-11.55,49036518
2022-01-28,2.08,44929646
2022-01-31,10.68,34812030
2022-02-01,-0.58,24379446
2022-02-02,-2.75,22264349
2022-02-03,-1.6,26285188
2022-02-04,3.61,24541819
2022-02-07,-1.73,20331489
2022-02-08,1.62,16909669
2022-02-09,1.08,17419849
2022-02-10,-2.95,22042278
2022-02-11,-4.93,26548618
2022-02-14,1.83,22585470
2022-02-15,5.33,19216509
2022-02-16,0.1,17098130
2022-02-17,-5.09,18392810
2022-02-18,-2.21,22833948
2022-02-22,-4.14,27762728
2022-02-23,-7.0,31752339
2022-02-24,4.81,45107432
2022-02-25,1.14,25355919
2022-02-28,7.48,33002288
2022-03-01,-0.7,24922286
2022-03-02,1.8,24881149
2022-03-03,-4.61,20541169
2022-03-04,-0.12,22393286
2022-03-07,-4.02,24164720
2022-03-08,2.46,26799698
2022-03-09,4.19,19727989
2022-03-10,-2.41,19549550
2022-03-11,-5.12,22345720
2022-03-14,-3.64,23717419
2022-03-15,4.63,22280380
2022-03-16,4.78,28009606
2022-03-17,3.73,22194319
2022-03-18,3.88,33471397
2022-03-21,1.74,27327220
2022-03-22,7.91,35289519
2022-03-23,0.52,40225378
2022-03-24,1.48,22973630
2022-03-25,-0.32,20677179
2022-03-28,8.03,34168687
2022-03-29,0.71,24538269
2022-03-30,-0.51,19954999
2022-03-31,-1.5,16330919
2022-04-01,0.65,18087739
2022-04-04,5.61,27392567
2022-04-05,-4.73,26691669
2022-04-06,-4.17,29782847
2022-04-07,1.1,26482349
2022-04-08,-3.0,18337899
2022-04-11,-4.83,19785739
2022-04-12,1.13,21992028
2022-04-13,3.59,18373739
2022-04-14,-3.66,19474140
2022-04-18,1.96,17238409
2022-04-19,2.38,16615938
2022-04-20,-4.96,23570438
2022-04-21,3.23,35138780
2022-04-22,-0.37,23232188
2022-04-25,-0.7,22780446
2022-04-26,-12.18,45377885
2022-04-27,0.58,25652128
2022-04-28,-0.45,41649510
2022-04-29,-0.77,29377669
2022-05-02,3.7,25260460
2022-05-03,0.7,21236528
2022-05-04,4.77,27214567
2022-05-05,-8.33,30839728
2022-05-06,-0.87,24301038
2022-05-09,-9.07,30270069
2022-05-10,1.64,28133880
2022-05-11,-8.25,32408149
2022-05-12,-0.82,46770951
2022-05-13,5.71,30716909
2022-05-16,-5.88,28699509
2022-05-17,5.14,26745366
2022-05-18,-6.8,29270599
2022-05-19,-0.05,30098888
2022-05-20,-6.42,48324439
2022-05-23,1.66,29634550
2022-05-24,-6.93,29697509
2022-05-25,4.88,30713108
2022-05-26,7.43,35334448
2022-05-27,7.33,29764989
2022-05-31,-0.18,33971460
2022-06-01,-2.36,25749319
2022-06-02,4.68,31157710
2022-06-03,-9.22,37464577
2022-06-06,1.6,28068167
2022-06-07,0.25,24269526
2022-06-08,1.25,25403538
2022-06-09,-0.89,32163767
2022-06-10,-3.12,32696968
2022-06-13,-7.1,34255753
2022-06-14,2.39,32662927
2022-06-15,5.48,39710647
2022-06-16,-8.54,35796897
2022-06-17,1.72,30880589
2022-06-21,9.35,40930990
2022-06-22,-0.4,33842421
2022-06-23,-0.43,34734229
2022-06-24,4.52,31923567
2022-06-27,-0.32,29726099
2022-06-28,-5.0,30222167
2022-06-29,-1.79,27632419
2022-06-30,-1.76,31533479
2022-07-01,1.24,24820149
2022-07-05,2.55,28259698
2022-07-06,-0.57,23951206
2022-07-07,5.53,27310229
2022-07-08,2.54,33951358
2022-07-11,-6.55,33169737
2022-07-12,-0.54,29310319
2022-07-13,1.7,32651499
2022-07-14,0.54,26185829
2022-07-15,0.74,23227669
2022-07-18,0.2,27512479
2022-07-19,2.07,26963366
2022-07-20,0.8,29621358
2022-07-21,9.78,47344057
2022-07-22,0.2,34490952
2022-07-25,-1.4,21357839
2022-07-26,-3.57,22273589
2022-07-27,6.17,29369999
2022-07-28,2.21,28240999
2022-07-29,5.78,31770960
2022-08-01,0.04,39014300
2022-08-02,1.11,31859159
2022-08-03,2.27,26697038
2022-08-04,0.4,24085438
2022-08-05,-6.63,37724300
2022-08-08,0.78,33121761
2022-08-09,-2.44,28748229
2022-08-10,3.89,31639618
2022-08-11,-2.62,23385019
2022-08-12,4.68,26552429
2022-08-15,3.1,29786390
2022-08-16,-0.89,29378767
2022-08-17,-0.84,22921989
2022-08-18,-0.37,15833509
2022-08-19,-2.05,20465130
2022-08-22,-2.28,18614448
2022-08-23,2.26,21328349
2022-08-24,0.22,19086569
2022-08-25,-0.35,53230008
2022-08-26,-2.7,57163953
2022-08-29,-1.14,41864738
2022-08-30,-2.5,50541762
2022-08-31,-0.75,52107340
2022-09-01,0.56,54287020
2022-09-02,-2.51,50890090
2022-09-06,1.56,55859980
2022-09-07,3.38,50028922
2022-09-08,1.96,53713121
2022-09-09,3.6,54470848
2022-09-12,1.58,48674602
2022-09-13,-4.04,68229617
2022-09-14,3.59,72628648
2022-09-15,0.38,64795520
2022-09-16,-0.13,87087789
2022-09-19,1.89,60231160
2022-09-20,-0.11,61642781
2022-09-21,-2.57,62555660
2022-09-22,-4.06,70545406
2022-09-23,-4.59,63748359
2022-09-26,0.25,58076910
2022-09-27,2.51,61925191
2022-09-28,1.72,54664809
2022-09-29,-6.81,77620641
2022-09-30,-1.1,67726602
2022-10-03,-8.61,98363539
2022-10-04,2.9,109578492
2022-10-05,-3.46,86982672
2022-10-06,-1.11,69298438
2022-10-07,-6.32,83916797
2022-10-10,-0.05,67925023
2022-10-11,-2.9,77013203
2022-10-12,0.34,66860703
2022-10-13,2.06,91483047
2022-10-14,-7.55,94124516
2022-10-17,7.01,79428805
2022-10-18,0.38,75891914
2022-10-19,0.84,66571477
2022-10-20,-6.65,117798094
2022-10-21,3.45,75713750
2022-10-24,-1.49,100446797
2022-10-25,5.29,96507875
2022-10-26,1.0,85327078
2022-10-27,0.2,61638820
2022-10-28,1.52,69152391
2022-10-31,-0.43,61554340
2022-11-01,0.12,62688820
2022-11-02,-5.64,63070289
2022-11-03,0.15,56538848
2022-11-04,-3.64,98622211
2022-11-07,-5.01,93916523
2022-11-08,-2.93,128803398
2022-11-09,-7.17,127062703
2022-11-10,7.39,132703000
2022-11-11,2.75,114403602
2022-11-14,-2.56,92226648
2022-11-15,1.82,91293789
2022-11-16,-3.86,66567602
2022-11-17,-2.01,64335969
2022-11-18,-1.63,76048875
2022-11-21,-6.84,92882711
2022-11-22,1.22,78452328
2022-11-23,7.82,109536703
2022-11-25,-0.19,50672738
2022-11-28,0.03,93038148
2022-11-29,-1.14,83357109
2022-11-30,7.67,109186398
2022-12-01,0.0,80046211
2022-12-02,0.08,73645922
2022-12-05,-6.37,93122672
2022-12-06,-1.44,92150812
2022-12-07,-3.21,84213281
2022-12-08,-0.34,97624484
2022-12-09,3.23,104872305
2022-12-12,-6.27,109794492
2022-12-13,-4.09,175862703
2022-12-14,-2.58,140682297
2022-12-15,0.55,122334492
2022-12-16,-4.72,139032188
2022-12-19,-0.24,139390594
2022-12-20,-8.05,159563297
2022-12-21,-0.17,145417406
2022-12-22,-8.88,210090297
2022-12-23,-1.76,166989703
2022-12-27,-11.41,208643391
2022-12-28,3.31,221070500
2022-12-29,8.08,221923297
2022-12-30,1.12,157777297
2023-01-03,-12.24,231402797
2023-01-04,5.12,180388984
2023-01-05,-2.9,157986297
2023-01-06,2.47,220911109
2023-01-09,5.93,190284000
2023-01-10,-0.77,167642500
2023-01-11,3.68,183810797
2023-01-12,0.28,169400891
2023-01-13,-0.94,180714094
2023-01-17,7.43,186476984
2023-01-18,-2.06,195680297
2023-01-19,-1.25,170291906
2023-01-20,4.91,138858094
2023-01-23,7.74,203119203
2023-01-24,0.1,158699109
2023-01-25,0.38,192734297
2023-01-26,10.97,234815109
2023-01-27,11.0,306590594
2023-01-30,-6.32,230878797
2023-01-31,3.94,196813500
2023-02-01,4.73,213806297
2023-02-02,3.78,217448297
2023-02-03,0.91,232662000
2023-02-06,2.52,186188094
2023-02-07,1.05,186010297
2023-02-08,2.28,180673594
2023-02-09,3.0,215431391
2023-02-10,-5.03,204754094
2023-02-13,-1.14,172475500
2023-02-14,7.51,216455703
2023-02-15,2.38,182108609
2023-02-16,-5.69,229586500
2023-02-17,3.1,213738500
2023-02-21,-5.25,180018594
2023-02-22,1.77,191828500
2023-02-23,0.6,146360000
2023-02-24,-2.57,142228094
2023-02-27,5.46,161028297
2023-02-28,-0.92,153144891
2023-03-01,-1.43,156852797
2023-03-02,-5.85,181979203
2023-03-03,3.61,154193297
2023-03-06,-2.01,128100094
2023-03-07,-3.15,148125797
2023-03-08,-3.04,151897797
2023-03-09,-4.99,170023812
2023-03-10,0.3,191488891
2023-03-13,0.6,167790297
2023-03-14,5.03,143717906
2023-03-15,-1.53,145995594
2023-03-16,2.04,121374492
2023-03-17,-2.17,133197109
2023-03-20,1.73,129684398
2023-03-21,7.82,153391391
2023-03-22,-3.25,150376406
2023-03-23,0.56,144193906
2023-03-24,-0.94,116531602
2023-03-27,0.74,120851602
2023-03-28,-1.37,98654641
2023-03-29,2.48,123660000
2023-03-30,0.72,110252203
2023-03-31,6.24,170222094
2023-04-03,-6.12,169545906
2023-04-04,-1.12,126463797
2023-04-05,-3.67,133882500
2023-04-06,-0.25,123857906
2023-04-10,-0.3,142154594
2023-04-11,1.24,115770898
2023-04-12,-3.35,150256297
2023-04-13,2.97,112933000
2023-04-14,-0.48,96438656
2023-04-17,1.1,116662203
2023-04-18,-1.46,92067023
2023-04-19,-2.02,125732703
2023-04-20,-9.75,210970797
2023-04-21,1.28,123539000
2023-04-24,-1.53,140006594
2023-04-25,-1.16,121999297
2023-04-26,-4.31,153364094
2023-04-27,4.19,127015203
2023-04-28,2.57,122515797
2023-05-01,-1.51,109015000
2023-05-02,-0.94,128259695
2023-05-03,0.19,119728000
2023-05-04,0.37,95108484
2023-05-05,5.5,107607297
2023-05-08,1.02,112249398
2023-05-09,-1.54,88965039
2023-05-10,-0.36,119840703
2023-05-11,2.1,103889906
2023-05-12,-2.38,157849594
2023-05-15,-0.97,105592492
2023-05-16,0.1,98288789
2023-05-17,4.41,125473602
2023-05-18,1.74,109520305
2023-05-19,1.84,136196703
2023-05-22,4.85,132001406
2023-05-23,-1.64,156952094
2023-05-24,-1.54,137605109
2023-05-25,0.86,96870719
2023-05-26,4.72,162061500
2023-05-30,4.14,128818703
2023-05-31,1.38,150711703
2023-06-01,1.76,148029906
2023-06-02,3.11,164398406
2023-06-05,1.7,151143109
2023-06-06,1.7,146911594
2023-06-07,1.47,185710797
2023-06-08,4.58,164489703
2023-06-09,4.06,200242406
2023-06-12,2.22,150740500
2023-06-13,3.55,162384297
2023-06-14,-0.74,170575500
2023-06-15,-0.35,160171203
2023-06-16,1.81,167915594
2023-06-20,5.34,165611203
2023-06-21,-5.46,211797109
2023-06-22,1.98,166875906
2023-06-23,-3.03,177460797
2023-06-26,-6.06,179990594
2023-06-27,3.8,164968188
2023-06-28,2.41,159770797
2023-06-29,0.49,131283406
2023-06-30,1.66,112620797
2023-07-03,6.9,118999000
2023-07-05,0.95,131530891
2023-07-06,-2.1,120707398
2023-07-07,-0.76,113879203
2023-07-10,-1.76,119425398
2023-07-11,0.07,91972359
2023-07-12,0.82,95672141
2023-07-13,2.17,112681508
2023-07-14,1.25,120062398
2023-07-17,3.2,131569594
2023-07-18,1.02,112434703
2023-07-19,-0.71,142355391
2023-07-20,-9.74,175158297
2023-07-21,-1.1,161796094
2023-07-24,3.48,137004984
2023-07-25,-1.4,112757297
2023-07-26,-0.35,95856180
2023-07-27,-3.27,103697297
2023-07-28,4.2,111446000
2023-07-31,0.37,84582172
2023-08-01,-2.38,83645719
2023-08-02,-2.67,101752898
2023-08-03,2.05,97829555
2023-08-04,-2.11,99539914
2023-08-07,-0.95,111097906
2023-08-08,-0.7,96642180
2023-08-09,-3.01,101596305
2023-08-10,1.3,109498602
2023-08-11,-1.1,99038641
2023-08-14,-1.19,98595328
2023-08-15,-2.84,88197602
2023-08-16,-3.16,112484492
2023-08-17,-2.83,120718398
2023-08-18,-1.7,136276609
2023-08-21,7.33,135702703
2023-08-22,0.83,130597906
2023-08-23,1.57,101077602
2023-08-24,-2.88,99777430
2023-08-25,3.72,106612203
2023-08-28,0.1,107673695
2023-08-29,7.69,134047594
2023-08-30,-0.11,121988398
2023-08-31,0.46,108861695
2023-09-01,-5.06,132541594
2023-09-05,4.69,129469602
2023-09-06,-1.78,116959797
2023-09-07,-0.17,115312898
2023-09-08,-1.19,118559602
2023-09-11,10.09,174667906
2023-09-12,-2.23,135999906
2023-09-13,1.43,111673695
2023-09-14,1.75,107709797
2023-09-15,-0.6,133692297
2023-09-18,-3.32,101543297
2023-09-19,0.46,103704000
2023-09-20,-1.47,122514602
2023-09-21,-2.62,119951508
2023-09-22,-4.23,127524094
2023-09-25,0.86,104636602
2023-09-26,-1.16,101993602
2023-09-27,-1.48,136597203
2023-09-28,2.44,117058898
2023-09-29,1.56,128522703
2023-10-02,0.55,123810398
2023-10-03,-2.02,101985297
2023-10-04,5.93,129721602
2023-10-05,-0.43,119159203
2023-10-06,0.18,118121797
2023-10-09,-0.33,101377906
2023-10-10,1.52,122656000
2023-10-11,-0.24,103706305
2023-10-12,-1.57,111508094
2023-10-13,-2.99,102296797
2023-10-16,1.12,88917188
2023-10-17,0.37,93562914
2023-10-18,-4.78,125147797
2023-10-19,-9.3,170772703
2023-10-20,-3.69,138010094
2023-10-23,0.04,150683391
2023-10-24,2.09,118231102
2023-10-25,-1.89,107065102
2023-10-26,-3.14,115112602
2023-10-27,0.75,94881172
2023-10-30,-4.79,136448188
2023-10-31,1.76,118068305
2023-11-01,2.4,121661695
2023-11-02,6.25,125987602
2023-11-03,0.66,119534797
2023-11-06,-0.31,117335797
2023-11-07,1.33,116900094
2023-11-08,-0.03,106584797
2023-11-09,-5.46,142110500
2023-11-10,2.22,131310094
2023-11-13,4.22,140447594
2023-11-14,6.12,149771594
2023-11-15,2.29,150354000
2023-11-16,-3.81,136816797
2023-11-17,0.3,142766203
2023-11-20,0.55,116562398
2023-11-21,2.38,122288000
2023-11-22,-2.9,118117078
