date,reply count,sentiment type,sentiment score,change_percent,volume,change_percent2,volume2
2013-05-09,344,positive,0.8707341,24.4,28604967,-0.37,3457400000
2015-01-30,434,positive,0.8129757,-0.78,3006958,-1.3,4568650000
2015-03-30,970,positive,0.62389296,3.01,10089519,1.22,2917690000
2015-04-02,341,positive,0.9602046,1.82,5010367,0.35,3095960000
2016-04-11,1218,positive,0.9708269,-0.06,9161692,-0.27,3567840000
2016-05-06,392,positive,0.91406596,1.61,5685236,0.32,3796350000
2016-07-11,717,positive,0.90139216,3.69,5429821,0.34,3253340000
2016-07-19,740,positive,0.6650475,-0.44,3115064,-0.14,2968340000
2016-09-22,365,positive,0.61063766,0.59,2382901,0.65,3552830000
2016-10-10,619,positive,0.5430749,2.21,3316296,0.46,2916550000
2016-10-31,783,positive,0.7834957,-1.12,4692272,-0.01,3922400000
2016-11-18,408,positive,0.9359608,-1.93,5210346,-0.24,3572400000
2016-12-22,642,positive,0.80989766,0.36,3111107,-0.19,2876320000
2017-02-07,688,positive,0.81062245,-0.11,4244774,0.02,3448690000
2017-02-16,759,positive,0.9291161,-3.86,7077321,-0.09,3672370000
2017-04-07,738,positive,0.79843616,1.29,4579612,-0.08,3053150000
2017-04-12,700,positive,0.7854245,-3.85,6050681,-0.38,3196950000
2017-04-13,1634,positive,0.9821363,2.41,9284633,-0.68,3143890000
2017-05-10,635,positive,0.9684874,1.23,5741606,0.11,3643530000
2017-05-22,808,positive,0.9880735,-0.15,4329177,0.52,3172830000
2017-07-12,1266,positive,0.84167635,0.7,10346129,0.73,3171620000
2017-07-17,866,positive,0.5231863,-2.5,9876911,-0.01,2793170000
2017-07-26,570,positive,0.9804794,1.25,4820789,0.03,3557020000
2017-08-07,850,positive,0.97645944,-0.49,6324479,0.16,2931780000
2017-10-27,1114,positive,0.7991388,-1.63,6979703,0.81,3887110000
2017-11-13,2509,positive,0.78830814,4.1,7584943,0.1,3402930000
2017-12-04,3484,positive,0.48190925,-0.43,5835139,-0.11,4023150000
2017-12-21,702,positive,0.9917913,0.81,4385221,0.2,3273390000
2017-12-26,13724,positive,0.87823707,-2.43,4378412,-0.11,1968780000
2018-02-26,338,positive,0.97419786,1.53,4339984,1.18,3424650000
2018-04-19,1913,positive,0.50462264,2.29,6090598,-0.57,3349370000
2018-05-10,547,positive,0.9493365,-0.6,5651560,0.94,3333050000
2018-05-11,292,positive,0.4682473,-1.3,4679648,0.17,2862700000
2018-05-21,1091,positive,0.8218905,2.77,9182570,0.74,3019890000
2018-05-22,11944,positive,0.98423594,-3.33,8945755,-0.31,3366310000
2018-05-30,478,positive,0.70861775,2.81,7489685,1.27,3561050000
2018-06-01,586,positive,0.74387646,2.49,5424385,1.08,3684130000
2018-06-11,1912,positive,0.87003994,4.55,13183469,0.11,3232330000
2018-06-18,1319,positive,0.99040514,3.53,12073229,-0.21,3287150000
2018-06-19,366,positive,0.980452,-4.93,12761899,-0.4,3661470000
2018-06-22,917,positive,0.9509295,-3.99,10266059,0.19,5450550000
2018-07-02,4367,positive,0.9593797,-2.3,18759769,0.31,3073650000
2018-07-12,1050,positive,0.9897475,-0.71,5721165,0.87,2821690000
2018-07-13,489,positive,0.8055118,0.68,5875769,0.11,2614000000
2018-07-26,773,positive,0.5428917,-0.68,4630521,-0.3,3653330000
2018-08-01,1302,positive,0.9771274,0.91,10129429,-0.1,3496990000
2018-08-02,3897,positive,0.9390006,16.19,23214960,0.49,3467380000
2018-08-06,315,positive,0.9876609,-1.77,8564331,0.35,2874540000
2018-08-13,617,positive,0.9847178,0.26,10463879,-0.4,3158450000
2018-08-14,622,positive,0.9693938,-2.46,6986427,0.64,2976970000
2018-08-20,605,positive,0.983216,0.96,17402339,0.24,2748020000
2018-08-24,1274,positive,0.78247064,0.85,3602563,0.62,2596190000
2018-08-27,595,positive,0.67171276,-1.1,13079289,0.77,2854080000
2018-09-04,282,positive,0.98449624,-4.21,8350468,-0.17,3077060000
2018-09-13,1238,positive,0.55847675,-0.37,6340335,0.53,3254930000
2018-09-17,1058,positive,0.71123976,-0.12,6887576,-0.56,2947760000
2018-09-24,326,positive,0.98266214,0.19,4842960,-0.35,3372210000
2018-09-26,2393,positive,0.9226014,2.85,7843215,-0.33,3388620000
2018-10-01,1011,positive,0.9909347,17.35,21777599,0.36,3364190000
2018-10-08,849,positive,0.8561688,-4.35,13472649,-0.04,3330320000
2018-10-12,3351,positive,0.7735648,2.6,7201403,1.42,3966040000
2018-10-15,903,positive,0.8729992,0.31,6199964,-0.59,3300140000
2018-10-19,3040,positive,0.9325335,-1.48,9375548,-0.04,3566490000
2018-10-25,1906,positive,0.97138697,9.14,20840720,1.86,4634770000
2018-10-26,466,positive,0.9782688,5.09,27425518,-1.73,4803150000
2018-10-30,3260,positive,0.76973605,-1.48,9126703,1.57,5106380000
2018-10-31,539,positive,0.8050095,2.25,7624347,1.09,5112420000
2018-11-01,796,positive,0.69969004,2.06,8000131,1.06,4708420000
2018-11-08,341,positive,0.98755187,0.93,7090673,-0.25,3630490000
2018-11-09,20078,positive,0.54771304,-0.25,5098845,-0.92,4019090000
2018-11-12,2319,positive,0.8102428,-5.49,6941522,-1.97,3670930000
2018-11-14,405,positive,0.93048745,1.56,5040286,-0.76,4402370000
2018-11-15,1254,positive,0.65099883,1.29,4625717,1.06,4179140000
2018-11-20,735,positive,0.7913316,-1.69,8004708,-1.82,4357900000
2018-11-27,1329,positive,0.9628182,-0.6,6358299,0.33,3485220000
2018-11-29,1194,positive,0.96480066,-1.93,3080723,-0.22,3560770000
2018-11-30,271,positive,0.5964176,2.73,5628894,0.82,4658580000
2018-12-10,1553,positive,0.8634095,2.01,6613454,0.18,4151030000
2018-12-11,1538,positive,0.80013233,0.44,6308768,-0.04,3905870000
2018-12-17,744,positive,0.69173914,-4.73,7674007,-2.08,4616350000
2018-12-18,617,positive,0.9832349,-3.27,7099999,0.01,4470880000
2018-12-20,688,positive,0.93983406,-5.28,9071857,-1.58,5585780000
2018-12-24,764,positive,0.66194105,-7.62,5559912,-2.71,2613930000
2018-12-26,923,positive,0.9318745,10.39,8163137,4.96,4233990000
2018-12-28,963,positive,0.9893328,5.61,9938991,-0.12,3702620000
2018-12-31,279,positive,0.89939386,-0.32,6302337,0.85,3442870000
2019-01-03,660,positive,0.9762324,-3.15,6965183,-2.48,3822860000
2019-01-07,917,positive,0.9838281,5.44,7551224,0.7,4104710000
2019-01-10,2387,positive,0.9123294,1.9,6056353,0.45,3704500000
2019-01-17,1580,positive,0.6262407,0.36,3676732,0.76,3772270000
2019-01-23,1217,positive,0.61927176,-3.79,12529989,0.22,3335610000
2019-01-28,570,positive,0.9550966,-0.22,6423278,-0.78,3612810000
2019-02-01,902,positive,0.9888701,1.69,7283440,0.09,3759270000
2019-02-11,1934,positive,0.9839136,2.3,7129712,0.07,3361970000
2019-02-13,907,positive,0.9293449,-1.17,5141616,0.3,3670770000
2019-02-14,931,positive,0.9074364,-1.43,5200831,-0.27,3836700000
2019-03-01,1055,positive,0.52924275,-7.84,22911380,0.69,3972280000
2019-03-04,1011,positive,0.6350472,-3.2,17096819,-0.39,3919810000
2019-03-08,555,positive,0.8873611,2.73,8819624,-0.21,3423130000
2019-03-18,800,positive,0.6505732,-2.16,10280979,0.37,3552190000
2019-03-26,509,positive,0.5192363,2.82,7350947,0.72,3266050000
2019-04-01,591,positive,0.9836356,3.33,8110438,1.16,3500760000
2019-04-15,1063,positive,0.5419493,-0.49,10038579,-0.06,3088330000
2019-04-24,1728,positive,0.52354515,-1.99,10727449,-0.22,3448960000
2019-05-09,580,positive,0.8045765,-1.17,6711380,-0.3,3638820000
2019-05-13,380,positive,0.75640804,-5.22,10834799,-2.41,3894030000
2019-05-20,1382,positive,0.72155684,-2.69,20526198,-0.67,3288870000
2019-06-12,682,positive,0.65821123,-3.61,15197539,-0.2,3034130000
2019-06-28,326,positive,0.88829607,0.28,6851383,0.58,5420700000
2019-07-01,933,positive,0.99179596,1.66,8237963,0.77,3513270000
2019-07-03,1533,positive,0.99084824,4.61,14201150,0.77,1963720000
2019-07-09,732,positive,0.95408064,-0.12,6190834,0.12,3028210000
2019-07-11,1274,positive,0.96444577,-0.13,7514429,0.23,3154620000
2019-07-16,772,positive,0.5015908,-0.44,8148988,-0.34,3290650000
2019-07-19,757,positive,0.6515291,1.83,7048409,-0.62,3260360000
2019-07-29,1982,positive,0.97902805,3.39,9273331,-0.16,3203710000
2019-08-05,530,positive,0.9723797,-2.57,7028278,-2.98,4513730000
2019-08-09,934,positive,0.9778896,-1.38,3898243,-0.66,3350640000
2019-08-12,608,positive,0.9878434,-2.55,4663936,-1.23,2851630000
2019-08-19,613,positive,0.5167672,3.13,5311747,1.21,3212880000
2019-08-26,724,positive,0.758438,1.7,5054413,1.1,2857600000
2019-09-04,1280,positive,0.75099456,-1.92,5768695,1.08,3163260000
2019-09-09,368,positive,0.82964325,1.91,4802668,-0.01,4002890000
2019-09-16,595,positive,0.99029416,-0.98,4728095,-0.31,4274640000
2019-09-23,324,positive,0.95775545,0.25,4391629,-0.01,3186590000
2019-10-03,1262,positive,0.73806465,-4.15,15137759,0.8,3503640000
2019-10-09,1239,positive,0.497434,1.87,6935032,0.91,2726820000
2019-10-10,406,positive,0.71428293,0.09,6313416,0.64,3217250000
2019-10-14,1219,positive,0.7733537,3.66,10226859,-0.14,2557020000
2019-10-16,2424,positive,0.93629277,0.72,6704302,-0.2,3222570000
2019-10-21,1003,positive,0.65761536,-1.34,5108100,0.69,3271620000
2019-10-24,1930,positive,0.99094135,17.67,29819228,0.19,3692600000
2019-10-28,354,positive,0.5756183,-0.13,18870288,0.56,3521230000
2019-11-01,1104,positive,0.88731116,-0.51,6383928,0.97,3930200000
2019-11-13,673,positive,0.9867041,-1.09,8467863,0.07,3509280000
2019-11-27,312,positive,0.5880689,0.72,5563458,0.42,3033090000
2019-12-09,677,positive,0.4986158,1.08,9040216,-0.32,3345990000
2020-01-08,1425,positive,0.98887724,4.92,31199389,0.49,3720890000
2020-01-13,2925,positive,0.5103426,9.77,26634549,0.7,3456380000
2020-01-15,315,positive,0.5826378,-3.61,17368831,0.19,3716840000
2020-01-22,3630,positive,0.60094416,4.09,31369029,0.03,3619850000
2020-01-24,298,positive,0.6990004,-1.29,14353599,-0.9,3707130000
2020-02-03,6188,positive,0.9641728,19.89,47233497,0.73,3757910000
2020-02-10,1714,positive,0.95278215,3.1,24689158,0.73,3450350000
2020-02-24,494,positive,0.97192013,-7.46,15192159,-3.35,4842960000
2020-03-06,567,positive,0.81427646,-2.91,12662919,-1.71,6552140000
2020-03-10,3606,positive,0.98434174,6.14,15594439,4.94,7635960000
2020-03-24,289,positive,0.97779477,16.28,22895167,9.38,7547350000
2020-03-25,355,positive,0.82992065,6.78,21222751,1.15,8285670000
2020-03-31,11521,positive,0.9506216,4.36,17771489,-1.6,6568290000
2020-04-06,299,positive,0.7807787,7.55,14901839,7.03,6391860000
2020-04-20,280,positive,0.7090855,-1.0,14746369,-1.79,5220160000
2020-04-21,520,positive,0.82577467,-7.99,20209087,-3.07,5075830000
2020-04-24,615,positive,0.98834723,2.77,13237609,1.39,5374480000
2020-05-04,5508,positive,0.94601,8.54,19237087,0.42,4723140000
2020-05-07,405,positive,0.98189265,-0.32,11527689,1.15,5164640000
2020-05-11,1672,positive,0.99179214,-0.99,16519599,0.01,4807320000
2020-05-13,577,positive,0.9783155,-2.28,19065489,-1.75,6143130000
2020-05-19,2425,positive,0.60647273,-0.69,9636521,-1.05,4969330000
2020-06-08,600,positive,0.63039595,7.26,14174729,1.2,8437380000
2020-06-10,340,positive,0.93113565,8.97,18563409,-0.53,6570840000
2020-06-16,1965,positive,0.92656636,-0.89,14051079,1.9,5829240000
2020-06-22,777,positive,0.95027155,-0.66,6362349,0.65,4665380000
2020-06-25,385,positive,0.98720884,2.62,9254548,1.1,4815420000
2020-06-26,276,positive,0.9526325,-2.66,8854907,-2.42,8098120000
2020-07-01,1573,positive,0.81428945,3.69,13326899,0.5,4443130000
2020-07-02,4586,positive,0.914602,7.95,17250118,0.45,4190830000
2020-07-06,477,positive,0.6009267,13.48,20569858,1.59,4736450000
2020-07-08,867,positive,0.825061,-1.73,16311310,0.78,4927700000
2020-07-14,282,positive,0.9149486,1.32,23418140,1.34,4476170000
2020-07-24,1716,positive,0.9874504,-6.35,19396618,-0.62,3894900000
2020-07-27,443,positive,0.59226525,8.65,16048670,0.74,3963910000
2020-07-29,1076,positive,0.7749733,1.53,9426892,1.24,4676300000
2020-08-07,378,positive,0.9861779,-2.48,8896419,0.06,4104860000
2020-08-11,327,positive,0.6506338,-3.11,8625833,-0.8,5087650000
2020-08-12,426,positive,0.95030415,13.12,21898829,1.4,3768560000
2020-08-17,3995,positive,0.9866562,11.2,20242319,0.27,3671290000
2020-08-19,305,positive,0.9512887,-0.45,12205329,-0.44,3884480000
2020-08-20,4196,positive,0.95516425,6.56,20611800,0.32,3642850000
2020-08-28,289,positive,0.9674013,-1.13,20081177,0.67,3855880000
2020-09-10,1240,positive,0.93076277,1.38,84930606,-1.76,4192250000
2020-09-11,1774,positive,0.58084977,0.37,60717455,0.05,3704450000
2020-09-28,1499,positive,0.983834,3.4,49719557,1.61,3946060000
2020-10-14,623,positive,0.7133376,3.28,48045389,-0.66,3840630000
2020-10-19,515,positive,0.95879817,-2.01,36287839,-1.63,4086200000
2020-10-22,464,positive,0.6130855,0.75,39993190,0.52,4163630000
2020-11-02,338,positive,0.93997204,3.21,29021118,1.23,4310590000
2020-11-18,3139,positive,0.94932884,10.2,78044013,-1.16,5274450000
2020-11-24,458,positive,0.8958663,6.43,53648486,1.62,6267570000
2020-12-02,285,positive,0.9174628,-2.73,47775646,0.18,5029620000
2020-12-21,7623,positive,0.97094154,-6.49,58045260,-0.39,4732160000
2020-12-24,3221,positive,0.9664476,2.44,22865567,0.35,1885090000
2020-12-28,4890,positive,0.97786826,0.29,32278560,0.87,3527460000
2020-12-30,3287,positive,0.70785993,4.32,42846018,0.13,3145200000
2021-01-04,3899,positive,0.98368937,3.42,48638189,-1.48,5006680000
2021-01-21,335,positive,0.9714556,-0.64,20598130,0.03,4484460000
2021-01-22,685,positive,0.68280417,0.2,20066499,-0.3,5080430000
2021-01-25,618,positive,0.9155824,4.03,41173396,0.36,6955860000
2021-01-29,1051,positive,0.800833,-5.02,34990753,-1.93,6612570000
2021-02-12,525,positive,0.9887296,0.55,23768310,0.47,4119260000
2021-02-19,1152,positive,0.75468516,-0.77,18958259,-0.19,4823940000
2021-02-22,1967,positive,0.87633955,-8.55,37269718,-0.77,5870190000
2021-02-25,824,positive,0.72845936,-8.06,39023858,-2.45,6513060000
2021-03-05,1103,positive,0.5287334,-3.78,89396458,1.95,6842570000
2021-03-08,306,positive,0.9471147,-5.84,51786959,-0.54,5852240000
2021-03-15,7486,positive,0.6119693,2.05,29423479,0.65,4882190000
2021-03-24,33823,positive,0.5195207,-4.82,33795167,-0.55,4766990000
2021-03-26,513,positive,0.90373,-3.39,33852831,1.66,5467850000
2021-03-29,536,positive,0.6392393,-1.2,28636989,-0.09,4619840000
2021-04-08,4836,positive,0.9626734,1.91,23924327,0.42,3901910000
2021-04-12,882,positive,0.97936547,3.69,29135669,-0.02,3578500000
2021-04-13,1193,positive,0.6358493,8.6,44652807,0.33,3728440000
2021-04-15,5183,positive,0.9835929,0.9,27848899,1.11,4027680000
2021-04-19,950,positive,0.96549326,-3.4,39686229,-0.53,3788020000
2021-04-22,9709,positive,0.8711178,-3.28,35590261,-0.92,4235040000
2021-04-23,298,positive,0.5137642,1.35,28413888,1.09,3568080000
2021-04-27,472,positive,0.93592584,-4.53,29436999,-0.02,3703240000
2021-04-29,389,positive,0.9159154,-2.51,28845446,0.68,4288940000
2021-04-30,348,positive,0.9755593,4.79,40758717,-0.72,4273680000
2021-05-03,848,positive,0.75222754,-3.46,27043140,0.27,4061170000
2021-05-10,349,positive,0.95437163,-6.44,31392419,-1.04,3678970000
2021-05-20,17245,positive,0.87454784,4.14,30821118,1.06,3019060000
2021-05-21,3360,positive,0.9601588,-1.01,26030599,-0.08,3344620000
2021-05-28,1440,positive,0.5237522,-0.89,22737038,0.08,4199270000
2021-06-01,1000,positive,0.62106764,-0.21,18084890,-0.05,4122960000
2021-06-02,929,positive,0.58093506,-3.01,23302778,0.14,4860930000
2021-06-07,703,positive,0.79009306,1.01,22543679,-0.08,3835570000
2021-06-08,965,positive,0.7088726,-0.25,26053407,0.02,3943870000
2021-06-09,602,positive,0.98097515,-0.8,16584569,-0.18,3902870000
2021-06-11,1479,positive,0.9834267,-0.04,16205299,0.19,3204280000
2021-06-14,999,positive,0.79994524,1.28,20423979,0.18,3612050000
2021-06-16,1975,positive,0.9510467,0.92,22144130,-0.54,3722050000
2021-06-17,360,positive,0.9819728,1.94,22701349,-0.04,3952110000
2021-06-21,1302,positive,0.89785457,-0.4,24812739,1.4,3391740000
2021-06-24,8654,positive,0.9903396,3.54,45982389,0.58,3141680000
2021-07-02,7554,positive,0.9760581,0.14,27097366,0.75,2628550000
2021-07-07,2237,positive,0.939616,-2.26,18791960,0.34,3243900000
2021-07-08,629,positive,0.7179553,1.27,22773319,-0.86,3393780000
2021-07-14,1639,positive,0.6304611,-2.27,21641188,0.12,3213870000
2021-07-16,986,positive,0.8329191,-0.98,16370969,-0.75,3165160000
2021-07-19,543,positive,0.93689924,0.31,21297089,-1.59,4155790000
2021-07-21,934,positive,0.6810173,-0.79,13953339,0.82,3078550000
2021-07-22,862,positive,0.52792925,-0.92,15105729,0.2,2907910000
2021-07-23,620,positive,0.78096974,-0.91,14604939,1.01,3490730000
2021-07-26,678,positive,0.9831597,2.21,25336560,0.24,2679110000
2021-07-27,763,positive,0.965912,-1.95,32813288,-0.47,3381080000
2021-07-29,932,positive,0.70069975,4.69,30394640,0.42,2815510000
2021-07-30,400,positive,0.81203014,1.45,29656407,-0.54,2861600000
2021-08-02,313,positive,0.47022146,3.27,33615769,-0.18,2919940000
2021-08-03,278,positive,0.8880242,0.01,21620249,0.82,3305340000
2021-08-04,850,positive,0.96420586,0.17,17002649,-0.46,3382620000
2021-08-11,924,positive,0.9813889,-0.31,9800557,0.13,2803060000
2021-08-16,464,positive,0.8487754,-4.32,23103300,0.26,2707170000
2021-08-20,721,positive,0.5102422,1.01,14841869,0.81,2867770000
2021-08-23,495,positive,0.7883445,3.83,20264858,0.85,2965520000
2021-08-26,553,positive,0.69191265,-1.41,13214289,-0.58,2704600000
2021-08-31,562,positive,0.9036085,0.66,20855438,-0.13,3090380000
2021-09-01,306,positive,0.918405,-0.22,13204339,0.03,3101830000
2021-09-02,295,positive,0.92686176,-0.23,12796739,0.28,2897010000
2021-09-03,563,positive,0.84896,0.16,15271049,-0.03,2609660000
2021-09-10,6153,positive,0.88333535,-2.46,15184169,-0.77,2851140000
2021-09-13,674,positive,0.8340358,0.91,22952479,0.23,3096390000
2021-09-17,605,positive,0.57049996,0.33,28204179,-0.91,5622210000
2021-09-20,1711,positive,0.9308011,-3.86,24757647,-1.7,3773680000
2021-09-21,298,positive,0.7216899,1.26,16330719,-0.08,3044300000
2021-09-22,525,positive,0.41210103,1.7,15126269,0.95,3273670000
2021-09-30,275,positive,0.71083325,-0.75,17955960,-1.19,3123770000
2021-10-04,536,positive,0.7398619,0.81,30483339,-1.3,3110560000
2021-10-07,307,positive,0.90657234,1.39,19195778,0.83,3096080000
2021-10-08,7875,positive,0.95232254,-1.02,16738599,-0.19,2401890000
2021-10-11,968,positive,0.9677333,0.82,14200319,-0.69,2580000000
2021-10-14,355,positive,0.8483552,0.89,12247169,1.71,2642920000
2021-10-18,1760,positive,0.63307106,3.21,24207239,0.34,2683540000
2021-10-22,633,positive,0.9861038,1.75,22880839,-0.11,3062810000
2021-10-25,3912,positive,0.72918993,12.66,62852096,0.47,3250210000
2021-10-26,469,positive,0.90687805,-0.63,62414967,0.18,2866500000
2021-10-28,1284,positive,0.9469871,3.78,27213167,0.98,3197560000
2021-11-01,12855,positive,0.8650324,8.49,56048717,0.18,2924000000
2021-11-04,964,positive,0.9573968,1.32,25397407,0.42,3332940000
2021-11-08,403,positive,0.645917,-4.84,33445718,0.09,3465720000
2021-11-12,1224,positive,0.8471554,-2.83,25573149,0.72,2865790000
2021-11-15,852,positive,0.82311845,-1.94,34775647,-0.0,2618980000
2021-11-17,1380,positive,0.5710309,3.25,31445366,-0.26,3221250000
2021-11-22,624,positive,0.97959924,1.74,33072511,-0.32,3206280000
2021-12-06,12529,positive,0.7322729,-0.59,27221038,1.17,3305690000
2021-12-07,506,positive,0.9788724,4.24,18694858,2.07,3334320000
2021-12-10,754,positive,0.9620816,1.32,19888118,0.95,2858310000
2021-12-13,426,positive,0.82288116,-4.98,26198499,-0.91,3322050000
2021-12-14,372,positive,0.90655637,-0.82,23602087,-0.75,3292740000
2021-12-16,360,positive,0.50487894,-5.03,27590479,-0.87,3592810000
2021-12-20,4500,positive,0.7933732,-3.5,18826669,-1.14,3395780000
2021-12-21,675,positive,0.8675868,4.29,23839310,1.78,2564370000
2021-12-23,8206,positive,0.98155063,5.76,30904429,0.62,2194630000
2021-12-29,490,positive,0.6863256,-0.21,18718019,0.14,2369370000
2022-01-03,5432,positive,0.98015714,13.53,34895351,0.64,2775190000
2022-01-10,1788,positive,0.98771083,3.03,30604960,-0.14,3621800000
2022-01-12,781,positive,0.87330043,3.93,27913007,0.28,3060040000
2022-01-18,492,positive,0.6838807,-1.82,22329800,-1.84,3324960000
2022-01-21,945,positive,0.59676975,-5.26,34472007,-1.89,3945810000
2022-01-28,890,positive,0.9874221,2.08,44929646,2.43,3936030000
2022-02-04,275,positive,0.78193706,3.61,24541819,0.52,3673700000
2022-02-07,4057,positive,0.9878846,-1.73,20331489,-0.37,3291600000
2022-02-14,1834,positive,0.8963305,1.83,22585470,-0.38,3466170000
2022-02-15,522,positive,0.7969044,5.33,19216509,1.58,3363200000
2022-02-25,373,positive,0.7876234,1.14,25355919,2.24,3941780000
2022-03-02,8310,positive,0.80290264,1.8,24881149,1.86,4409090000
2022-03-07,1992,positive,0.94680244,-4.02,24164720,-2.95,5506330000
2022-03-17,5772,positive,0.91339517,3.73,22194319,1.23,4174170000
2022-03-21,1294,positive,0.95781004,1.74,27327220,-0.04,3961050000
2022-03-28,637,positive,0.97353953,8.03,34168687,0.71,3696850000
2022-03-29,771,positive,0.64725995,0.71,24538269,1.23,4239660000
2022-04-04,1372,positive,0.6080951,5.61,27392567,0.81,3833500000
2022-04-08,9332,positive,0.9800024,-3.0,18337899,-0.27,3453040000
2022-04-11,3363,positive,0.97736317,-4.83,19785739,-1.69,3452540000
2022-04-18,2124,positive,0.5496651,1.96,17238409,-0.02,3509340000
2022-04-21,9780,positive,0.9852004,3.23,35138780,-1.48,3833570000
2022-04-25,8861,positive,0.958751,-0.7,22780446,0.57,4061070000
2022-04-29,1444,positive,0.80319864,-0.77,29377669,-3.63,3943480000
2022-05-06,978,positive,0.77848375,-0.87,24301038,-0.57,4254300000
2022-05-10,1845,positive,0.98222417,1.64,28133880,0.25,4630150000
2022-05-16,1010,positive,0.5824387,-5.88,28699509,-0.39,3824320000
2022-05-18,12222,positive,0.9757057,-6.8,29270599,-4.04,4428960000
2022-05-20,1616,positive,0.47966105,-6.42,48324439,0.01,4278520000
2022-05-24,733,positive,0.712521,-6.93,29697509,-0.81,3901640000
2022-05-25,815,positive,0.9342896,4.88,30713108,0.95,4322190000
2022-05-26,354,positive,0.94460535,7.43,35334448,1.99,3961940000
2022-05-27,13368,positive,0.96792716,7.33,29764989,2.47,3560560000
2022-06-01,8261,positive,0.71354675,-2.36,25749319,-0.75,4145710000
2022-06-03,753,positive,0.9056505,-9.22,37464577,-1.63,3107080000
2022-06-06,6103,positive,0.597956,1.6,28068167,0.31,3852050000
2022-06-07,1149,positive,0.7678145,0.25,24269526,0.95,3476470000
2022-06-09,676,positive,0.8254235,-0.89,32163767,-2.38,3192330000
2022-06-10,1080,positive,0.95101535,-3.12,32696968,-2.91,3936120000
2022-06-13,805,positive,0.92736566,-7.1,34255753,-3.88,4572820000
2022-06-14,508,positive,0.5507728,2.39,32662927,-0.38,4126400000
2022-06-15,1819,positive,0.79499,5.48,39710647,1.46,4474610000
2022-06-21,1007,positive,0.90178293,9.35,40930990,2.45,4124600000
2022-07-06,1016,positive,0.52863306,-0.57,23951206,0.36,3613120000
2022-07-08,12751,positive,0.9924209,2.54,33951358,-0.08,2844620000
2022-07-12,6426,positive,0.6981505,-0.54,29310319,-0.92,3138460000
2022-07-13,1273,positive,0.7786681,1.7,32651499,-0.45,3166580000
2022-07-14,685,positive,0.9904467,0.54,26185829,-0.3,3447500000
2022-07-15,20083,positive,0.93755543,0.74,23227669,1.92,3537130000
2022-07-18,1239,positive,0.860146,0.2,27512479,-0.84,3414470000
2022-07-19,5083,positive,0.98447907,2.07,26963366,2.76,3160350000
2022-07-25,6506,positive,0.98223674,-1.4,21357839,0.13,2988650000
2022-07-29,391,positive,0.9320974,5.78,31770960,1.42,3817740000
2022-08-01,432,positive,0.61070645,0.04,39014300,-0.28,3540960000
2022-08-03,965,positive,0.89777035,2.27,26697038,1.56,3544410000
2022-08-11,1628,positive,0.7289887,-2.62,23385019,-0.07,3925060000
2022-08-15,9206,positive,0.9531569,3.1,29786390,0.4,3087740000
2022-08-16,1229,positive,0.9784918,-0.89,29378767,0.19,3792010000
2022-08-17,4162,positive,0.86784196,-0.84,22921989,-0.72,3293430000
2022-08-22,2211,positive,0.9851175,-2.28,18614448,-2.14,3365220000
2022-09-06,647,positive,0.8331416,1.56,55859980,-0.41,2209800080
2022-09-08,1465,positive,0.9476501,1.96,53713121,0.66,3966850000
2022-09-09,1207,positive,0.9854493,3.6,54470848,1.53,3901940000
2022-09-12,1594,positive,0.9817273,1.58,48674602,1.06,3814200000
2022-09-20,416,positive,0.5541976,-0.11,61642781,-1.13,4058050000
2022-09-21,961,positive,0.96492916,-2.57,62555660,-1.71,4078330000
2022-09-23,2750,positive,0.6878535,-4.59,63748359,-1.72,5144270000
2022-09-29,3040,positive,0.5442013,-6.81,77620641,-2.11,4681810000
2022-10-03,3302,positive,0.99254966,-8.61,98363539,2.59,4806680000
2022-10-07,14987,positive,0.98662764,-6.32,83916797,-2.8,4449660000
2022-10-10,1023,positive,0.98207617,-0.05,67925023,-0.75,3834320000
2022-10-11,901,positive,0.9565868,-2.9,77013203,-0.65,4759030000
2022-10-18,1205,positive,0.91868794,0.38,75891914,1.14,4483740000
2022-10-20,1454,positive,0.7937586,-6.65,117798094,-0.8,4496620000
2022-10-21,297,positive,0.59718615,3.45,75713750,2.37,5078020000
2022-10-24,914,positive,0.97079676,-1.49,100446797,1.19,4747930000
2022-10-26,423,positive,0.95604277,1.0,85327078,-0.74,4817310000
2022-10-31,965,positive,0.93448234,-0.43,61554340,-0.75,4820620000
2022-11-07,3217,positive,0.5969862,-5.01,93916523,0.96,4341620000
2022-11-10,2282,positive,0.9823996,7.39,132703000,5.54,5781260000
2022-11-11,705,positive,0.7808384,2.75,114403602,0.92,5593310000
2022-11-14,2438,positive,0.9658461,-2.56,92226648,-0.89,4561930000
2022-11-18,4674,positive,0.8647011,-1.63,76048875,0.48,4037360000
2022-11-21,425,positive,0.9473055,-6.84,92882711,-0.39,3850690000
2022-11-22,3505,positive,0.71066207,1.22,78452328,1.36,3887990000
2022-11-28,24869,positive,0.88291806,0.03,93038148,-1.54,3615430000
2022-11-30,1013,positive,0.7658103,7.67,109186398,3.09,6579360000
2022-12-01,1581,positive,0.98567617,0.0,80046211,-0.09,4527130000
2022-12-02,7163,positive,0.6273252,0.08,73645922,-0.12,4012620000
2022-12-05,2089,positive,0.8269238,-6.37,93122672,-1.79,4280820000
2022-12-08,1074,positive,0.9793726,-0.34,97624484,0.75,4006900000
2022-12-09,3616,positive,0.94741035,3.23,104872305,-0.73,3888260000
2022-12-13,2448,positive,0.4342595,-4.09,175862703,0.73,5079360000
2022-12-14,4675,positive,0.8236899,-2.58,140682297,-0.61,4472340000
2022-12-15,23797,positive,0.6670851,0.55,122334492,-2.49,4493900000
2022-12-19,4314,positive,0.57600445,-0.24,139390594,-0.9,3969610000
2022-12-22,9696,positive,0.9736878,-8.88,210090297,-1.45,3956950000
