date,reply count,sentiment type,sentiment score,change_percent,volume
2020-07-24,1716,positive,0.9874504,-6.35,19396618
2020-07-24,1095,positive,0.6171786,-6.35,19396618
2020-07-14,503,neutral,0.7292624,1.32,23418140
2020-07-14,282,positive,0.9149486,1.32,23418140
2020-07-08,867,positive,0.825061,-1.73,16311310
2020-07-06,477,positive,0.6009267,13.48,20569858
2020-07-06,497,neutral,0.7947603,13.48,20569858
2020-07-06,272,neutral,0.6029758,13.48,20569858
2020-07-06,500,negative,0.9295443,13.48,20569858
2020-07-02,4586,positive,0.914602,7.95,17250118
2020-07-02,505,positive,0.7740978,7.95,17250118
2020-07-01,1573,positive,0.81428945,3.69,13326899
2020-06-29,689,neutral,0.57207423,5.17,9026403
2020-06-26,276,positive,0.9526325,-2.66,8854907
2020-06-26,3297,neutral,0.5216985,-2.66,8854907
2020-06-25,346,positive,0.98720884,2.62,9254548
2020-06-25,385,positive,0.9622915,2.62,9254548
2020-06-25,1683,neutral,0.47026035,2.62,9254548
2020-06-22,1466,neutral,0.78342503,-0.66,6362349
2020-06-22,2385,neutral,0.6352617,-0.66,6362349
2020-06-22,1075,neutral,0.67547107,-0.66,6362349
2020-06-22,777,positive,0.95027155,-0.66,6362349
2020-06-22,328,neutral,0.87177783,-0.66,6362349
2020-06-19,5520,neutral,0.6654297,-0.3,8679748
2020-06-18,681,neutral,0.68889546,1.23,9751935
2020-06-16,276,neutral,0.861974,-0.89,14051079
2020-06-16,1965,positive,0.92656636,-0.89,14051079
2020-06-11,586,neutral,0.5445335,-5.09,15916479
2020-06-10,340,positive,0.93113565,8.97,18563409
2020-06-10,723,neutral,0.88024944,8.97,18563409
2020-06-10,379,negative,0.91220975,8.97,18563409
2020-06-08,600,positive,0.63039595,7.26,14174729
2020-06-08,4449,neutral,0.78693944,7.26,14174729
2020-06-01,947,neutral,0.6721597,7.56,15085299
2020-05-29,323,neutral,0.5798983,3.62,11812489
2020-05-19,2425,positive,0.60647273,-0.69,9636521
2020-05-15,769,neutral,0.8213197,-0.52,10518428
2020-05-14,1459,neutral,0.8781578,1.56,13682190
2020-05-13,577,positive,0.9783155,-2.28,19065489
2020-05-12,460,negative,0.7453324,-0.23,15906910
2020-05-12,598,neutral,0.548901,-0.23,15906910
2020-05-12,28612,negative,0.4577494,-0.23,15906910
2020-05-12,3620,negative,0.73514897,-0.23,15906910
2020-05-11,371,positive,0.9422861,-0.99,16519599
2020-05-11,342,negative,0.8318727,-0.99,16519599
2020-05-11,1672,positive,0.99179214,-0.99,16519599
2020-05-11,315,negative,0.50615484,-0.99,16519599
2020-05-11,1945,negative,0.8823635,-0.99,16519599
2020-05-11,284,neutral,0.62151885,-0.99,16519599
2020-05-11,480,positive,0.8944032,-0.99,16519599
2020-05-11,293,neutral,0.473918,-0.99,16519599
2020-05-11,11045,neutral,0.7083726,-0.99,16519599
2020-05-11,2922,negative,0.8717027,-0.99,16519599
2020-05-08,283,neutral,0.50422233,5.05,16130089
2020-05-07,405,positive,0.98189265,-0.32,11527689
2020-05-06,283,neutral,0.76784605,1.87,11123228
2020-05-04,5508,positive,0.5883988,8.54,19237087
2020-05-04,1107,neutral,0.84040815,8.54,19237087
2020-05-04,345,positive,0.94601,8.54,19237087
2020-05-01,11717,negative,0.7140991,-10.3,32531807
2020-04-24,410,neutral,0.5119031,2.77,13237609
2020-04-24,615,positive,0.98834723,2.77,13237609
2020-04-23,732,neutral,0.59637576,-3.62,13236699
2020-04-21,520,positive,0.82577467,-7.99,20209087
2020-04-20,280,positive,0.7090855,-1.0,14746369
2020-04-16,3887,neutral,0.897579,2.11,20657858
2020-04-13,333,negative,0.7833988,13.6,22475419
2020-04-09,281,neutral,0.8096174,4.4,13649999
2020-04-06,299,positive,0.7807787,7.55,14901839
2020-03-31,350,positive,0.9506216,4.36,17771489
2020-03-31,11521,positive,0.5579138,4.36,17771489
2020-03-25,355,positive,0.82992065,6.78,21222751
2020-03-24,289,positive,0.97779477,16.28,22895167
2020-03-23,420,neutral,0.53691375,1.58,16454550
2020-03-10,3641,neutral,0.6808955,6.14,15594439
2020-03-10,3606,positive,0.98434174,6.14,15594439
2020-03-06,567,positive,0.81427646,-2.91,12662919
2020-02-28,434,neutral,0.74346167,-1.62,24564166
2020-02-24,494,positive,0.97192013,-7.46,15192159
2020-02-24,286,neutral,0.6657734,-7.46,15192159
2020-02-12,334,neutral,0.7228586,-0.92,12022469
2020-02-11,323,neutral,0.5283938,0.4,11697469
2020-02-10,847,neutral,0.6101223,3.1,24689158
2020-02-10,427,positive,0.95278215,3.1,24689158
2020-02-10,1714,positive,0.89888763,3.1,24689158
2020-02-10,441,neutral,0.49503684,3.1,24689158
2020-02-10,545,positive,0.95237243,3.1,24689158
2020-02-03,747,neutral,0.48864686,19.89,47233497
2020-02-03,6188,positive,0.9641728,19.89,47233497
2020-02-03,407,positive,0.95080817,19.89,47233497
2020-02-03,1619,positive,0.89099,19.89,47233497
2020-01-29,3808,neutral,0.82755363,2.49,18216671
2020-01-24,298,positive,0.6990004,-1.29,14353599
2020-01-22,3630,positive,0.60094416,4.09,31369029
2020-01-15,315,positive,0.5826378,-3.61,17368831
2020-01-13,2925,positive,0.5103426,9.77,26634549
2020-01-08,1425,positive,0.98887724,4.92,31199389
2019-12-26,1036,neutral,0.7598359,1.34,10648289
2018-11-01,759,neutral,0.5965825,2.06,8000131
2018-11-01,796,positive,0.69969004,2.06,8000131
2018-10-31,539,positive,0.8050095,2.25,7624347
2018-10-30,3260,positive,0.76973605,-1.48,9126703
2018-10-29,1414,neutral,0.7621864,1.19,14486030
2018-10-26,466,positive,0.9782688,5.09,27425518
2018-10-25,1906,positive,0.97138697,9.14,20840720
2018-10-23,1056,neutral,0.6857148,12.72,19027751
2018-10-23,685,neutral,0.56912935,12.72,19027751
2018-10-23,363,neutral,0.7704699,12.72,19027751
2018-10-19,382,positive,0.90045077,-1.48,9375548
2018-10-19,3040,positive,0.9325335,-1.48,9375548
2018-10-17,1471,neutral,0.4469638,-1.74,8655541
2018-10-15,903,positive,0.8729992,0.31,6199964
2018-10-15,310,positive,0.66996336,0.31,6199964
2018-10-12,3351,positive,0.7735648,2.6,7201403
2018-10-12,1303,neutral,0.81020427,2.6,7201403
2018-10-08,849,positive,0.69878536,-4.35,13472649
2018-10-08,422,positive,0.8561688,-4.35,13472649
2018-10-05,1206,neutral,0.5409049,-7.05,17944536
2018-10-05,359,negative,0.89034003,-7.05,17944536
2018-10-01,1011,positive,0.9909347,17.35,21777599
2018-10-01,990,neutral,0.44705564,17.35,21777599
2018-09-26,325,positive,0.5149228,2.85,7843215
2018-09-26,2393,positive,0.9226014,2.85,7843215
2018-09-24,326,positive,0.98266214,0.19,4842960
2018-09-20,378,neutral,0.667017,-0.23,7349420
2018-09-18,279,neutral,0.68582267,-3.35,16547519
2018-09-17,276,neutral,0.40185994,-0.12,6887576
2018-09-17,607,neutral,0.49496257,-0.12,6887576
2018-09-17,1058,positive,0.71123976,-0.12,6887576
2018-09-13,1238,positive,0.55847675,-0.37,6340335
2018-09-11,1318,neutral,0.69806063,-2.12,9169988
2018-09-06,657,neutral,0.8418827,0.07,7480759
2018-09-04,282,positive,0.98449624,-4.21,8350468
2018-08-27,2004,neutral,0.44615677,-1.1,13079289
2018-08-27,595,positive,0.67171276,-1.1,13079289
2018-08-24,1274,positive,0.78247064,0.85,3602563
2018-08-20,1397,neutral,0.45978335,0.96,17402339
2018-08-20,605,positive,0.983216,0.96,17402339
2018-08-14,622,positive,0.9693938,-2.46,6986427
2018-08-13,617,positive,0.9847178,0.26,10463879
2018-08-13,2320,neutral,0.86540145,0.26,10463879
2018-08-09,451,neutral,0.8740591,-4.83,17183810
2018-08-07,5923,neutral,0.6715796,10.99,30875769
2018-08-06,315,positive,0.9876609,-1.77,8564331
2018-08-06,1002,negative,0.54342,-1.77,8564331
2018-08-02,3897,positive,0.9390006,16.19,23214960
2018-08-01,1302,positive,0.9771274,0.91,10129429
2018-07-26,773,positive,0.5428917,-0.68,4630521
2018-07-13,489,positive,0.8055118,0.68,5875769
2018-07-12,1050,positive,0.9897475,-0.71,5721165
2018-07-02,4367,positive,0.9593797,-2.3,18759769
2018-06-26,1656,neutral,0.7019644,2.7,7452486
2018-06-26,23389,neutral,0.5851035,2.7,7452486
2018-06-26,490,neutral,0.51760274,2.7,7452486
2018-06-25,443,neutral,0.83841246,-0.19,6931303
2018-06-22,917,positive,0.9509295,-3.99,10266059
2018-06-19,366,positive,0.980452,-4.93,12761899
2018-06-18,1319,positive,0.99040514,3.53,12073229
2018-06-13,280,neutral,0.73856455,0.59,9469803
2021-08-11,924,positive,0.9813889,-0.31,9800557
2021-08-09,992,neutral,0.6679987,2.1,14715349
2021-08-06,330,neutral,0.6486489,-2.17,15623049
2021-08-05,2848,neutral,0.4812512,0.52,12919639
2021-08-05,8112,neutral,0.6458395,0.52,12919639
2021-08-04,850,positive,0.53365016,0.17,17002649
2021-08-04,318,negative,0.48892894,0.17,17002649
2021-08-04,284,positive,0.96420586,0.17,17002649
2021-08-04,641,neutral,0.5947397,0.17,17002649
2021-08-03,278,positive,0.8880242,0.01,21620249
2021-08-02,325,negative,0.6861476,3.27,33615769
2021-08-02,313,positive,0.47022146,3.27,33615769
2021-08-02,511,neutral,0.59136575,3.27,33615769
2021-07-30,357,negative,0.4958786,1.45,29656407
2021-07-30,475,negative,0.78123033,1.45,29656407
2021-07-30,547,neutral,0.63860023,1.45,29656407
2021-07-30,400,positive,0.81203014,1.45,29656407
2021-07-29,276,neutral,0.6717086,4.69,30394640
2021-07-29,534,positive,0.70069975,4.69,30394640
2021-07-29,14526,neutral,0.8318886,4.69,30394640
2021-07-29,932,positive,0.54744756,4.69,30394640
2021-07-29,708,negative,0.8008274,4.69,30394640
2021-07-27,343,positive,0.9630921,-1.95,32813288
2021-07-27,763,positive,0.965912,-1.95,32813288
2021-07-27,312,neutral,0.6621786,-1.95,32813288
2021-07-27,728,neutral,0.6104231,-1.95,32813288
2021-07-26,678,positive,0.68281186,2.21,25336560
2021-07-26,367,positive,0.9213009,2.21,25336560
2021-07-26,385,positive,0.8891983,2.21,25336560
2021-07-26,503,positive,0.9656901,2.21,25336560
2021-07-26,366,positive,0.82680124,2.21,25336560
2021-07-26,467,positive,0.9831597,2.21,25336560
2021-07-23,620,positive,0.78096974,-0.91,14604939
2021-07-23,526,neutral,0.62044334,-0.91,14604939
2021-07-22,862,positive,0.52792925,-0.92,15105729
2021-07-21,468,neutral,0.84513134,-0.79,13953339
2021-07-21,934,positive,0.6810173,-0.79,13953339
2021-07-19,543,positive,0.7356249,0.31,21297089
2021-07-19,500,positive,0.93689924,0.31,21297089
2021-07-16,828,positive,0.8329191,-0.98,16370969
2021-07-16,679,neutral,0.70265824,-0.98,16370969
2021-07-16,986,positive,0.77907723,-0.98,16370969
2021-07-14,489,neutral,0.46840462,-2.27,21641188
2021-07-14,1396,neutral,0.89665306,-2.27,21641188
2021-07-14,1639,positive,0.6304611,-2.27,21641188
2021-07-12,519,neutral,0.8585208,4.38,25927038
2021-07-12,1434,neutral,0.8090231,4.38,25927038
2021-07-12,324,neutral,0.7932169,4.38,25927038
2021-07-12,860,neutral,0.4913807,4.38,25927038
2021-07-12,3425,neutral,0.74227095,4.38,25927038
2021-07-09,1014,negative,0.56762576,0.63,18140550
2021-07-08,569,neutral,0.73399025,1.27,22773319
2021-07-08,280,positive,0.58839315,1.27,22773319
2021-07-08,445,neutral,0.7207388,1.27,22773319
2021-07-08,301,neutral,0.9316875,1.27,22773319
2021-07-08,629,positive,0.7179553,1.27,22773319
2021-07-08,1275,neutral,0.833253,1.27,22773319
2021-07-07,2237,positive,0.7791434,-2.26,18791960
2021-07-07,331,positive,0.939616,-2.26,18791960
2021-07-02,7554,positive,0.9760581,0.14,27097366
2021-07-02,292,positive,0.67071325,0.14,27097366
2021-07-01,1402,neutral,0.7579019,-0.26,18634519
2021-06-30,355,neutral,0.47873843,-0.16,18924858
2021-06-29,334,neutral,0.5226578,-1.16,17381310
2021-06-28,1378,neutral,0.71939176,2.51,21628159
2021-06-25,522,neutral,0.51863825,-1.17,32496710
2021-06-25,623,neutral,0.6432092,-1.17,32496710
2021-06-24,476,neutral,0.48325533,3.54,45982389
2021-06-24,8654,positive,0.9903396,3.54,45982389
2021-06-22,1314,neutral,0.5595774,0.46,19158890
2021-06-21,9417,neutral,0.5511717,-0.4,24812739
2021-06-21,1175,neutral,0.59660965,-0.4,24812739
2021-06-21,1302,positive,0.89785457,-0.4,24812739
2021-06-21,284,neutral,0.6005306,-0.4,24812739
2021-06-21,2011,neutral,0.670537,-0.4,24812739
2021-06-17,313,neutral,0.6075675,1.94,22701349
2021-06-17,559,neutral,0.90059733,1.94,22701349
2021-06-17,360,positive,0.9819728,1.94,22701349
2021-06-16,1975,positive,0.9510467,0.92,22144130
2021-06-16,790,positive,0.7356249,0.92,22144130
2021-06-16,766,neutral,0.6670296,0.92,22144130
2021-06-16,300,positive,0.9433085,0.92,22144130
2021-06-16,567,neutral,0.6524954,0.92,22144130
2021-06-15,852,neutral,0.5913894,-2.97,17764149
2021-06-14,9175,neutral,0.6518512,1.28,20423979
2021-06-14,401,positive,0.492936,1.28,20423979
2021-06-14,999,positive,0.79994524,1.28,20423979
2021-06-11,1479,positive,0.9834267,-0.04,16205299
2021-06-11,690,positive,0.84684664,-0.04,16205299
2021-06-10,845,neutral,0.61074096,1.89,23919606
2021-06-09,1415,neutral,0.49006099,-0.8,16584569
2021-06-09,336,neutral,0.56662744,-0.8,16584569
2021-06-09,602,positive,0.98097515,-0.8,16584569
2021-06-08,965,positive,0.7088726,-0.25,26053407
2021-06-07,336,neutral,0.69693977,1.01,22543679
2021-06-07,703,positive,0.79009306,1.01,22543679
2021-06-02,757,positive,0.56665975,-3.01,23302778
2021-06-02,929,positive,0.58093506,-3.01,23302778
2021-06-02,920,neutral,0.7335913,-3.01,23302778
2021-06-02,1268,negative,0.6043822,-3.01,23302778
2021-06-01,1000,positive,0.62106764,-0.21,18084890
2021-06-01,643,negative,0.7320806,-0.21,18084890
2021-05-28,1440,positive,0.5237522,-0.89,22737038
2021-05-26,360,neutral,0.86075467,2.39,28639310
2021-05-26,896,neutral,0.70780134,2.39,28639310
2021-05-26,940,neutral,0.4848009,2.39,28639310
2021-05-24,1054,neutral,0.4930558,4.4,34558089
2021-05-21,3360,positive,0.6858513,-1.01,26030599
2021-05-21,2257,positive,0.9601588,-1.01,26030599
2021-05-21,1968,positive,0.7510425,-1.01,26030599
2021-05-21,1113,neutral,0.88857085,-1.01,26030599
2021-05-21,776,neutral,0.46067593,-1.01,26030599
2021-05-21,1451,neutral,0.46662107,-1.01,26030599
2021-05-20,923,positive,0.55408174,4.14,30821118
2021-05-20,441,positive,0.71387875,4.14,30821118
2021-05-20,621,positive,0.559357,4.14,30821118
2021-05-20,1058,neutral,0.64109826,4.14,30821118
2021-05-20,910,negative,0.60518175,4.14,30821118
2021-05-20,17245,positive,0.87454784,4.14,30821118
2021-05-20,840,positive,0.51936907,4.14,30821118
2021-05-17,16767,neutral,0.7372721,-2.19,32247800
2021-05-17,1198,neutral,0.47674647,-2.19,32247800
2021-05-14,1149,neutral,0.8518019,3.16,33370858
2021-05-11,93955,neutral,0.90303624,-1.88,46503896
2021-05-10,349,positive,0.95437163,-6.44,31392419
2021-05-07,1677,neutral,0.86409676,1.33,23469167
2021-05-03,848,positive,0.75222754,-3.46,27043140
2021-04-30,358,neutral,0.8286616,4.79,40758717
2021-04-30,348,positive,0.9755593,4.79,40758717
2021-04-29,351,positive,0.9159154,-2.51,28845446
2021-04-29,315,neutral,0.86903405,-2.51,28845446
2021-04-29,389,positive,0.6518144,-2.51,28845446
2021-04-28,1082,neutral,0.6021461,-1.47,22271050
2021-04-27,4212,neutral,0.7951244,-4.53,29436999
2021-04-27,472,positive,0.93592584,-4.53,29436999
2021-04-23,298,positive,0.5137642,1.35,28413888
2021-04-22,9709,positive,0.6643487,-3.28,35590261
2021-04-22,1308,positive,0.8711178,-3.28,35590261
2021-04-22,7002,neutral,0.53477466,-3.28,35590261
2021-04-21,664,neutral,0.783713,3.5,31215509
2021-04-21,1436,neutral,0.6204139,3.5,31215509
2021-04-19,950,positive,0.96549326,-3.4,39686229
2021-04-19,10602,neutral,0.5690544,-3.4,39686229
2021-04-15,728,neutral,0.8667028,0.9,27848899
2021-04-15,5183,positive,0.9835929,0.9,27848899
2021-04-14,544,negative,0.49253207,-3.95,49017432
2021-04-14,324,neutral,0.53205734,-3.95,49017432
2021-04-13,1193,positive,0.6358493,8.6,44652807
2021-04-12,882,positive,0.97936547,3.69,29135669
2021-04-08,4836,positive,0.9626734,1.91,23924327
2021-03-29,536,positive,0.6392393,-1.2,28636989
2021-03-26,513,positive,0.90373,-3.39,33852831
2021-03-24,4421,neutral,0.72982776,-4.82,33795167
2021-03-24,33823,positive,0.5195207,-4.82,33795167
2021-03-15,7486,positive,0.6119693,2.05,29423479
2021-03-09,1054,neutral,0.46823958,19.64,67523326
2021-03-08,306,positive,0.9471147,-5.84,51786959
2021-03-08,1277,neutral,0.6657807,-5.84,51786959
2021-03-08,18826,neutral,0.7054376,-5.84,51786959
2021-03-05,469,neutral,0.45405257,-3.78,89396458
2021-03-05,1103,positive,0.5287334,-3.78,89396458
2021-02-25,824,positive,0.72845936,-8.06,39023858
2021-02-23,1897,neutral,0.66185296,-2.19,66606881
2021-02-22,1967,positive,0.87633955,-8.55,37269718
2021-02-22,374,positive,0.6316046,-8.55,37269718
2021-02-19,1971,negative,0.62165844,-0.77,18958259
2021-02-19,896,neutral,0.64816415,-0.77,18958259
2021-02-19,1152,positive,0.75468516,-0.77,18958259
2021-02-16,2801,negative,0.58710325,-2.44,19802319
2021-02-12,525,positive,0.9887296,0.55,23768310
2021-02-09,2363,neutral,0.56440467,-1.62,15157649
2021-02-08,11036,neutral,0.5008367,1.31,20161720
2021-02-01,1317,neutral,0.4802898,5.83,25391390
2021-01-29,1051,positive,0.800833,-5.02,34990753
2021-01-25,618,positive,0.9155824,4.03,41173396
2021-01-25,340,neutral,0.6073151,4.03,41173396
2021-01-25,310,positive,0.50566745,4.03,41173396
2021-01-22,685,positive,0.68280417,0.2,20066499
2021-01-21,335,positive,0.9714556,-0.64,20598130
2021-01-14,1189,neutral,0.66047364,-1.1,31266327
2021-01-08,472,negative,0.58057487,7.84,75055528
2021-01-07,2486,neutral,0.7112067,7.94,51498951
2021-01-07,6002,neutral,0.48417383,7.94,51498951
2021-01-04,612,neutral,0.43212065,3.42,48638189
2021-01-04,3899,positive,0.98368937,3.42,48638189
2021-01-04,627,positive,0.81392205,3.42,48638189
2020-12-30,3287,positive,0.70785993,4.32,42846018
2020-12-28,551,neutral,0.69582736,0.29,32278560
2020-12-28,6223,neutral,0.87366587,0.29,32278560
2020-12-28,4822,positive,0.97786826,0.29,32278560
2020-12-28,490,neutral,0.77640355,0.29,32278560
2020-12-28,4890,positive,0.6629558,0.29,32278560
2020-12-24,3221,positive,0.9664476,2.44,22865567
2020-12-23,3296,negative,0.5092461,0.88,33172968
2020-12-23,274,negative,0.4781522,0.88,33172968
2020-12-21,7623,positive,0.97094154,-6.49,58045260
2020-12-21,538,positive,0.71179885,-6.49,58045260
2020-12-07,327,neutral,0.68992704,7.13,56309709
2020-12-02,285,positive,0.9174628,-2.73,47775646
2020-11-24,458,positive,0.8958663,6.43,53648486
2020-11-18,315,positive,0.50354314,10.2,78044013
2020-11-18,3139,positive,0.94932884,10.2,78044013
2020-11-05,3243,neutral,0.59475577,4.06,28414519
2020-11-02,338,positive,0.93997204,3.21,29021118
2020-10-29,337,neutral,0.7064156,1.18,22655310
2020-10-29,9051,neutral,0.61029315,1.18,22655310
2020-10-22,2946,neutral,0.5289251,0.75,39993190
2020-10-22,464,positive,0.6130855,0.75,39993190
2020-10-19,515,positive,0.95879817,-2.01,36287839
2020-10-14,369,neutral,0.9012654,3.28,48045389
2020-10-14,623,positive,0.7133376,3.28,48045389
2020-10-13,271,neutral,0.548918,0.98,34463671
2020-10-07,374,neutral,0.62820023,2.73,43127709
2020-10-06,825,neutral,0.67317575,-2.75,49146256
2020-10-06,971,neutral,0.6880081,-2.75,49146256
2020-10-05,308,neutral,0.8612698,2.55,44722791
2020-10-02,498,neutral,0.5341019,-7.38,71430029
2020-09-28,290,neutral,0.7748808,3.4,49719557
2020-09-28,1499,positive,0.983834,3.4,49719557
2020-09-22,2950,neutral,0.60417056,-5.6,79580794
2020-09-21,757,negative,0.5271426,1.64,109476793
2020-09-21,309,neutral,0.6166125,1.64,109476793
2020-09-21,428,neutral,0.5759278,1.64,109476793
2020-09-17,440,negative,0.5210339,-4.15,76779153
2020-09-17,1790,neutral,0.6874828,-4.15,76779153
2020-09-11,1774,positive,0.58084977,0.37,60717455
2020-09-10,1240,positive,0.93076277,1.38,84930606
2020-09-09,1437,negative,0.7022572,10.92,79465763
2020-09-09,351,negative,0.5784651,10.92,79465763
2020-09-08,2612,neutral,0.78434455,-21.06,115465691
2020-08-31,533,neutral,0.6407227,12.57,118374394
2020-08-31,315,neutral,0.47043547,12.57,118374394
2020-08-28,289,positive,0.9674013,-1.13,20081177
2020-08-28,810,neutral,0.42342418,-1.13,20081177
2020-08-20,3989,positive,0.95516425,6.56,20611800
2020-08-20,4196,positive,0.622911,6.56,20611800
2020-08-19,305,positive,0.9512887,-0.45,12205329
2020-08-17,322,positive,0.9866562,11.2,20242319
2020-08-17,3995,positive,0.9303856,11.2,20242319
2020-08-12,426,positive,0.95030415,13.12,21898829
2020-08-11,327,positive,0.6506338,-3.11,8625833
2020-08-10,313,neutral,0.8875791,-2.35,7522263
2020-08-10,792,neutral,0.5512636,-2.35,7522263
2020-08-07,378,positive,0.9861779,-2.48,8896419
2020-07-30,301,negative,0.52078503,-0.78,7621039
2020-07-29,1076,positive,0.7749733,1.53,9426892
2020-07-27,271,neutral,0.5285425,8.65,16048670
2020-07-27,337,negative,0.5291286,8.65,16048670
2020-07-27,443,positive,0.59226525,8.65,16048670
2022-06-16,1516,neutral,0.6611898,-8.54,35796897
2022-06-16,1727,negative,0.8307167,-8.54,35796897
2022-06-15,1819,positive,0.63510185,5.48,39710647
2022-06-15,511,positive,0.79499,5.48,39710647
2022-06-15,4275,neutral,0.57714707,5.48,39710647
2022-06-15,362,neutral,0.70302594,5.48,39710647
2022-06-15,1267,positive,0.50214773,5.48,39710647
2022-06-15,2415,neutral,0.5637466,5.48,39710647
2022-06-15,853,neutral,0.5293842,5.48,39710647
2022-06-15,472,neutral,0.6653408,5.48,39710647
2022-06-14,508,positive,0.5507728,2.39,32662927
2022-06-13,805,positive,0.92736566,-7.1,34255753
2022-06-13,771,neutral,0.6488248,-7.1,34255753
2022-06-10,432,positive,0.9396478,-3.12,32696968
2022-06-10,359,neutral,0.68789726,-3.12,32696968
2022-06-10,1115,negative,0.89246696,-3.12,32696968
2022-06-10,1080,positive,0.95101535,-3.12,32696968
2022-06-09,676,positive,0.8254235,-0.89,32163767
2022-06-08,375,neutral,0.4791557,1.25,25403538
2022-06-07,1264,neutral,0.57299733,0.25,24269526
2022-06-07,1149,positive,0.7678145,0.25,24269526
2022-06-06,6103,positive,0.597956,1.6,28068167
2022-06-06,825,neutral,0.47919628,1.6,28068167
2022-06-03,753,positive,0.9013866,-9.22,37464577
2022-06-03,547,positive,0.9056505,-9.22,37464577
2022-06-03,8380,neutral,0.5681924,-9.22,37464577
2022-06-02,2138,negative,0.50269705,4.68,31157710
2022-06-02,685,neutral,0.51945955,4.68,31157710
2022-06-01,467,neutral,0.8744243,-2.36,25749319
2022-06-01,8261,positive,0.71354675,-2.36,25749319
2022-05-31,305,neutral,0.51424146,-0.18,33971460
2022-05-31,514,negative,0.9136114,-0.18,33971460
2022-05-31,317,negative,0.614185,-0.18,33971460
2022-05-31,450,negative,0.78570807,-0.18,33971460
2022-05-31,635,negative,0.6370993,-0.18,33971460
2022-05-27,13368,positive,0.50620496,7.33,29764989
2022-05-27,618,positive,0.96792716,7.33,29764989
2022-05-27,411,negative,0.7904321,7.33,29764989
2022-05-26,354,positive,0.94460535,7.43,35334448
2022-05-26,1153,negative,0.7128953,7.43,35334448
2022-05-26,393,neutral,0.83243835,7.43,35334448
2022-05-25,815,positive,0.9342896,4.88,30713108
2022-05-25,1480,neutral,0.7798441,4.88,30713108
2022-05-25,275,positive,0.72571915,4.88,30713108
2022-05-25,861,negative,0.8182002,4.88,30713108
2022-05-25,525,negative,0.67728716,4.88,30713108
2022-05-25,416,neutral,0.6585924,4.88,30713108
2022-05-24,733,positive,0.712521,-6.93,29697509
2022-05-23,379,neutral,0.63230133,1.66,29634550
2022-05-23,318,neutral,0.54683137,1.66,29634550
2022-05-23,810,neutral,0.5099019,1.66,29634550
2022-05-23,878,negative,0.9373887,1.66,29634550
2022-05-23,28718,neutral,0.65533847,1.66,29634550
2022-05-23,308,neutral,0.49224943,1.66,29634550
2022-05-20,1019,negative,0.84249204,-6.42,48324439
2022-05-20,561,neutral,0.62392133,-6.42,48324439
2022-05-20,1616,positive,0.47966105,-6.42,48324439
2022-05-20,801,neutral,0.51891744,-6.42,48324439
2022-05-20,14228,neutral,0.5396826,-6.42,48324439
2022-05-18,12222,positive,0.79999495,-6.8,29270599
2022-05-18,15907,negative,0.56565017,-6.8,29270599
2022-05-18,492,neutral,0.46658722,-6.8,29270599
2022-05-18,495,positive,0.80969626,-6.8,29270599
2022-05-18,7390,positive,0.9757057,-6.8,29270599
2022-05-17,696,neutral,0.63860023,5.14,26745366
2022-05-17,8672,negative,0.6434974,5.14,26745366
2022-05-16,1010,positive,0.52539355,-5.88,28699509
2022-05-16,544,positive,0.5824387,-5.88,28699509
2022-05-16,918,neutral,0.56635714,-5.88,28699509
2022-05-16,1552,neutral,0.59086907,-5.88,28699509
2022-05-13,415,neutral,0.7563582,5.71,30716909
2022-05-13,831,negative,0.6979878,5.71,30716909
2022-05-10,1845,positive,0.98222417,1.64,28133880
2022-05-09,1236,negative,0.67174256,-9.07,30270069
2022-05-06,978,positive,0.77848375,-0.87,24301038
2022-05-04,937,negative,0.6763728,4.77,27214567
2022-05-03,551,neutral,0.71622854,0.7,21236528
2022-04-29,343,neutral,0.6692239,-0.77,29377669
2022-04-29,1444,positive,0.80319864,-0.77,29377669
2022-04-29,2922,neutral,0.5120568,-0.77,29377669
2022-04-25,8861,positive,0.95133764,-0.7,22780446
2022-04-25,1416,neutral,0.5118497,-0.7,22780446
2022-04-25,380,negative,0.9416721,-0.7,22780446
2022-04-25,11837,neutral,0.61873215,-0.7,22780446
2022-04-25,271,neutral,0.5699073,-0.7,22780446
2022-04-25,915,positive,0.789021,-0.7,22780446
2022-04-25,7327,positive,0.6781337,-0.7,22780446
2022-04-25,1266,positive,0.958751,-0.7,22780446
2022-04-25,2644,neutral,0.71107906,-0.7,22780446
2022-04-25,2939,negative,0.7800155,-0.7,22780446
2022-04-21,1610,positive,0.5017109,3.23,35138780
2022-04-21,9780,positive,0.9852004,3.23,35138780
2022-04-21,385,negative,0.6744765,3.23,35138780
2022-04-21,369,positive,0.85873604,3.23,35138780
2022-04-21,490,neutral,0.51892483,3.23,35138780
2022-04-21,661,negative,0.8213357,3.23,35138780
2022-04-20,2849,neutral,0.7234601,-4.96,23570438
2022-04-18,2334,neutral,0.55033255,1.96,17238409
2022-04-18,2124,positive,0.5496651,1.96,17238409
2022-04-11,3363,positive,0.97736317,-4.83,19785739
2022-04-11,3051,neutral,0.75686634,-4.83,19785739
2022-04-11,1922,negative,0.51819885,-4.83,19785739
2022-04-11,1057,neutral,0.55914813,-4.83,19785739
2022-04-08,4299,neutral,0.48565164,-3.0,18337899
2022-04-08,3601,neutral,0.6694527,-3.0,18337899
2022-04-08,1487,positive,0.919921,-3.0,18337899
2022-04-08,9332,positive,0.9800024,-3.0,18337899
2022-04-07,1387,neutral,0.78925127,1.1,26482349
2022-04-06,623,neutral,0.63097453,-4.17,29782847
2022-04-04,560,negative,0.47053304,5.61,27392567
2022-04-04,1372,positive,0.6080951,5.61,27392567
2022-03-31,624,neutral,0.7373506,-1.5,16330919
2022-03-31,321,neutral,0.6788717,-1.5,16330919
2022-03-31,441,neutral,0.64564645,-1.5,16330919
2022-03-30,951,neutral,0.5201448,-0.51,19954999
2022-03-29,676,neutral,0.83764994,0.71,24538269
2022-03-29,1054,neutral,0.77875215,0.71,24538269
2022-03-29,533,neutral,0.51387274,0.71,24538269
2022-03-29,771,positive,0.64725995,0.71,24538269
2022-03-29,388,positive,0.5128352,0.71,24538269
2022-03-28,466,neutral,0.84378046,8.03,34168687
2022-03-28,637,positive,0.97353953,8.03,34168687
2022-03-28,1371,neutral,0.73852617,8.03,34168687
2022-03-21,1038,neutral,0.5805876,1.74,27327220
2022-03-21,744,positive,0.95781004,1.74,27327220
2022-03-21,1294,positive,0.8326573,1.74,27327220
2022-03-21,338,negative,0.72990096,1.74,27327220
2022-03-21,275,positive,0.6074816,1.74,27327220
2022-03-17,5772,positive,0.91339517,3.73,22194319
2022-03-15,897,neutral,0.56266874,4.63,22280380
2022-03-14,742,negative,0.8015299,-3.64,23717419
2022-03-14,3429,neutral,0.7333613,-3.64,23717419
2022-03-07,296,positive,0.9453327,-4.02,24164720
2022-03-07,1015,positive,0.9448649,-4.02,24164720
2022-03-07,1364,neutral,0.56909513,-4.02,24164720
2022-03-07,12626,neutral,0.46711823,-4.02,24164720
2022-03-07,533,neutral,0.73226565,-4.02,24164720
2022-03-07,494,neutral,0.775987,-4.02,24164720
2022-03-07,808,neutral,0.81817085,-4.02,24164720
2022-03-07,1992,positive,0.94680244,-4.02,24164720
2022-03-07,5586,negative,0.77854085,-4.02,24164720
2022-03-04,816,neutral,0.66469646,-0.12,22393286
2022-03-03,687,neutral,0.5686697,-4.61,20541169
2022-03-03,390,neutral,0.45305932,-4.61,20541169
2022-03-02,1094,neutral,0.45914054,1.8,24881149
2022-03-02,296,neutral,0.5657724,1.8,24881149
2022-03-02,8310,positive,0.80290264,1.8,24881149
2022-03-02,483,neutral,0.41732952,1.8,24881149
2022-03-01,792,neutral,0.6515723,-0.7,24922286
2022-02-25,630,neutral,0.5454908,1.14,25355919
2022-02-25,373,positive,0.7876234,1.14,25355919
2022-02-25,576,neutral,0.85722345,1.14,25355919
2022-02-23,378,neutral,0.6650388,-7.0,31752339
2022-02-22,337,neutral,0.8853869,-4.14,27762728
2022-02-22,870,negative,0.5053362,-4.14,27762728
2022-02-18,1208,neutral,0.4630153,-2.21,22833948
2022-02-17,481,neutral,0.8487923,-5.09,18392810
2022-02-17,1008,neutral,0.55732566,-5.09,18392810
2022-02-17,4307,negative,0.5687155,-5.09,18392810
2022-02-15,522,positive,0.7969044,5.33,19216509
2022-02-14,1834,positive,0.8963305,1.83,22585470
2022-02-14,426,positive,0.74659115,1.83,22585470
2022-02-14,1019,neutral,0.7490366,1.83,22585470
2022-02-14,569,neutral,0.5447122,1.83,22585470
2022-02-14,851,positive,0.7891468,1.83,22585470
2022-02-07,411,positive,0.96363574,-1.73,20331489
2022-02-07,531,neutral,0.7839351,-1.73,20331489
2022-02-07,4057,positive,0.9878846,-1.73,20331489
2022-02-07,316,neutral,0.6098564,-1.73,20331489
2022-02-04,275,positive,0.78193706,3.61,24541819
2022-02-04,536,negative,0.74634916,3.61,24541819
2022-02-02,599,neutral,0.84220135,-2.75,22264349
2022-01-31,453,negative,0.8572973,10.68,34812030
2022-01-31,9642,negative,0.7000426,10.68,34812030
2022-01-31,386,neutral,0.7117037,10.68,34812030
2022-01-28,890,positive,0.9874221,2.08,44929646
2022-01-28,505,neutral,0.50122917,2.08,44929646
2022-01-28,788,negative,0.5464876,2.08,44929646
2022-01-21,945,positive,0.59676975,-5.26,34472007
2022-01-20,589,neutral,0.64919454,0.06,23496247
2022-01-19,8752,neutral,0.7818615,-3.38,25147499
2022-01-19,1438,neutral,0.5364443,-3.38,25147499
2022-01-18,492,positive,0.6838807,-1.82,22329800
2022-01-18,545,neutral,0.48529318,-1.82,22329800
2022-01-18,1000,neutral,0.5526276,-1.82,22329800
2022-01-14,37284,neutral,0.66785085,1.75,24308140
2022-01-14,1399,neutral,0.5403015,1.75,24308140
2022-01-13,3550,neutral,0.51447445,-6.75,32403259
2022-01-12,781,positive,0.87330043,3.93,27913007
2022-01-10,1788,positive,0.98771083,3.03,30604960
2022-01-10,531,neutral,0.4465876,3.03,30604960
2022-01-10,11923,neutral,0.8443973,3.03,30604960
2022-01-05,904,neutral,0.5302458,-5.35,26706599
2022-01-03,425,positive,0.95116955,13.53,34895351
2022-01-03,5432,positive,0.98015714,13.53,34895351
2021-12-29,490,positive,0.6863256,-0.21,18718019
2021-12-27,796,neutral,0.51419544,2.52,23715269
2021-12-27,446,neutral,0.47856045,2.52,23715269
2021-12-23,8206,positive,0.98155063,5.76,30904429
2021-12-23,3956,negative,0.4885737,5.76,30904429
2021-12-23,7006,neutral,0.83951473,5.76,30904429
2021-12-22,333,neutral,0.718363,7.49,31211358
2021-12-21,675,positive,0.8675868,4.29,23839310
2021-12-20,1039,positive,0.507931,-3.5,18826669
2021-12-20,4500,positive,0.7933732,-3.5,18826669
2021-12-16,365,neutral,0.6396036,-5.03,27590479
2021-12-16,360,positive,0.50487894,-5.03,27590479
2021-12-14,372,positive,0.90655637,-0.82,23602087
2021-12-14,53778,neutral,0.68916583,-0.82,23602087
2021-12-13,426,positive,0.82288116,-4.98,26198499
2021-12-13,831,neutral,0.7132612,-4.98,26198499
2021-12-10,754,positive,0.9620816,1.32,19888118
2021-12-08,1632,neutral,0.54706335,1.64,13968789
2021-12-07,445,positive,0.6788703,4.24,18694858
2021-12-07,6091,neutral,0.6595614,4.24,18694858
2021-12-07,471,positive,0.9788724,4.24,18694858
2021-12-07,506,positive,0.73218304,4.24,18694858
2021-12-06,12529,positive,0.7322729,-0.59,27221038
2021-12-03,274,neutral,0.763203,-6.42,30773999
2021-12-01,9623,neutral,0.49672565,-4.35,22934698
2021-11-29,610,neutral,0.581671,5.09,19464470
2021-11-29,367,neutral,0.56676716,5.09,19464470
2021-11-26,408,neutral,0.61470747,-3.05,11680889
2021-11-24,568,neutral,0.5516622,0.63,22560239
2021-11-24,493,negative,0.48089996,0.63,22560239
2021-11-24,501,negative,0.5137627,0.63,22560239
2021-11-23,603,neutral,0.49707052,-4.14,36171698
2021-11-23,2668,neutral,0.52957743,-4.14,36171698
2021-11-22,942,neutral,0.7205112,1.74,33072511
2021-11-22,766,negative,0.50528896,1.74,33072511
2021-11-22,446,neutral,0.5999542,1.74,33072511
2021-11-22,791,negative,0.921098,1.74,33072511
2021-11-22,695,neutral,0.774127,1.74,33072511
2021-11-22,624,positive,0.97959924,1.74,33072511
2021-11-22,316,positive,0.733696,1.74,33072511
2021-11-22,718,neutral,0.82350314,1.74,33072511
2021-11-19,600,neutral,0.68709373,3.71,21642259
2021-11-19,465,negative,0.49415597,3.71,21642259
2021-11-17,639,neutral,0.61522776,3.25,31445366
2021-11-17,1380,positive,0.5710309,3.25,31445366
2021-11-16,1179,neutral,0.89335567,4.08,26542358
2021-11-16,1136,neutral,0.5302826,4.08,26542358
2021-11-15,357,neutral,0.57248616,-1.94,34775647
2021-11-15,390,negative,0.53178585,-1.94,34775647
2021-11-15,852,positive,0.5840992,-1.94,34775647
2021-11-15,344,positive,0.82311845,-1.94,34775647
2021-11-15,456,negative,0.7741177,-1.94,34775647
2021-11-15,325,negative,0.91945136,-1.94,34775647
2021-11-15,428,negative,0.9496426,-1.94,34775647
2021-11-12,605,neutral,0.809651,-2.83,25573149
2021-11-12,275,positive,0.57118887,-2.83,25573149
2021-11-12,1382,neutral,0.76404417,-2.83,25573149
2021-11-12,1224,positive,0.8471554,-2.83,25573149
2021-11-08,794,neutral,0.4710868,-4.84,33445718
2021-11-08,403,positive,0.645917,-4.84,33445718
2021-11-08,709,neutral,0.66586876,-4.84,33445718
2021-11-08,54577,neutral,0.6789756,-4.84,33445718
2021-11-08,1502,neutral,0.7127398,-4.84,33445718
2021-11-04,359,neutral,0.558291,1.32,25397407
2021-11-04,1448,neutral,0.55339676,1.32,25397407
2021-11-04,314,neutral,0.52878237,1.32,25397407
2021-11-04,964,positive,0.7392126,1.32,25397407
2021-11-04,301,positive,0.9573968,1.32,25397407
2021-11-02,2139,neutral,0.5559004,-3.03,42737799
2021-11-01,8093,neutral,0.6872769,8.49,56048717
2021-11-01,378,neutral,0.58950794,8.49,56048717
2021-11-01,1163,negative,0.78784144,8.49,56048717
2021-11-01,956,positive,0.6442254,8.49,56048717
2021-11-01,12855,positive,0.5480294,8.49,56048717
2021-11-01,664,neutral,0.5403061,8.49,56048717
2021-11-01,581,positive,0.8650324,8.49,56048717
2021-10-28,854,neutral,0.5873742,3.78,27213167
2021-10-28,915,positive,0.82295877,3.78,27213167
2021-10-28,564,positive,0.6747622,3.78,27213167
2021-10-28,1284,positive,0.9469871,3.78,27213167
2021-10-28,669,neutral,0.48217586,3.78,27213167
2021-10-27,1138,neutral,0.52334034,1.91,38526460
2021-10-27,1182,neutral,0.84755176,1.91,38526460
2021-10-26,491,neutral,0.6282611,-0.63,62414967
2021-10-26,469,positive,0.63824993,-0.63,62414967
2021-10-26,435,positive,0.90687805,-0.63,62414967
2021-10-26,414,negative,0.53325516,-0.63,62414967
2021-10-26,1127,neutral,0.55409336,-0.63,62414967
2021-10-25,3912,positive,0.72918993,12.66,62852096
2021-10-25,723,positive,0.6566745,12.66,62852096
2021-10-25,798,neutral,0.55606395,12.66,62852096
2021-10-22,633,positive,0.9861038,1.75,22880839
2021-10-22,313,neutral,0.78060514,1.75,22880839
2021-10-22,293,positive,0.9800821,1.75,22880839
2021-10-21,1314,neutral,0.57946926,3.26,31481446
2021-10-21,280,neutral,0.7148619,3.26,31481446
2021-10-20,671,negative,0.7851506,0.18,14032049
2021-10-18,307,neutral,0.62470174,3.21,24207239
2021-10-18,526,neutral,0.6360816,3.21,24207239
2021-10-18,1760,positive,0.63307106,3.21,24207239
2021-10-15,316,neutral,0.9247564,3.02,18924569
2021-10-14,301,negative,0.7576352,0.89,12247169
2021-10-14,649,negative,0.5124161,0.89,12247169
2021-10-14,355,positive,0.8483552,0.89,12247169
2021-10-13,374,neutral,0.69173515,0.67,14120079
2021-10-13,317,neutral,0.5980712,0.67,14120079
2021-10-13,865,negative,0.7554226,0.67,14120079
2021-10-11,402,negative,0.50482684,0.82,14200319
2021-10-11,301,positive,0.9316133,0.82,14200319
2021-10-11,738,positive,0.9553006,0.82,14200319
2021-10-11,968,positive,0.6158041,0.82,14200319
2021-10-11,680,positive,0.9677333,0.82,14200319
2021-10-11,577,positive,0.77428913,0.82,14200319
2021-10-11,562,neutral,0.7884836,0.82,14200319
2021-10-08,428,positive,0.95232254,-1.02,16738599
2021-10-08,2654,positive,0.82717067,-1.02,16738599
2021-10-08,7875,positive,0.61657244,-1.02,16738599
2021-10-07,307,positive,0.90657234,1.39,19195778
2021-10-05,3384,neutral,0.6043829,-0.12,18432630
2021-10-04,1549,neutral,0.47284392,0.81,30483339
2021-10-04,536,positive,0.7398619,0.81,30483339
2021-10-01,874,neutral,0.91354877,-0.03,17031409
2021-09-30,275,positive,0.71083325,-0.75,17955960
2021-09-28,510,neutral,0.5873949,-1.74,25381419
2021-09-27,643,neutral,0.5172128,2.19,28070659
2021-09-22,525,positive,0.41210103,1.7,15126269
2021-09-22,718,neutral,0.52144253,1.7,15126269
2021-09-21,298,positive,0.7216899,1.26,16330719
2021-09-21,295,neutral,0.8239299,1.26,16330719
2021-09-20,1599,neutral,0.844619,-3.86,24757647
2021-09-20,1711,positive,0.6900942,-3.86,24757647
2021-09-20,1097,neutral,0.8849298,-3.86,24757647
2021-09-20,278,neutral,0.5941001,-3.86,24757647
2021-09-20,567,positive,0.9308011,-3.86,24757647
2021-09-20,455,neutral,0.5713823,-3.86,24757647
2021-09-17,605,positive,0.57049996,0.33,28204179
2021-09-16,674,neutral,0.6872319,0.15,13923389
2021-09-13,339,positive,0.8340358,0.91,22952479
2021-09-13,674,positive,0.8204632,0.91,22952479
2021-09-13,513,neutral,0.90335554,0.91,22952479
2021-09-13,531,positive,0.59762615,0.91,22952479
2021-09-13,528,neutral,0.7368799,0.91,22952479
2021-09-10,584,neutral,0.7421723,-2.46,15184169
2021-09-10,1699,neutral,0.6921305,-2.46,15184169
2021-09-10,6153,positive,0.88333535,-2.46,15184169
2021-09-09,323,neutral,0.8832154,0.13,14077729
2021-09-03,363,neutral,0.7516191,0.16,15271049
2021-09-03,328,neutral,0.665668,0.16,15271049
2021-09-03,424,negative,0.6871452,0.16,15271049
2021-09-03,322,negative,0.71428025,0.16,15271049
2021-09-03,563,positive,0.84896,0.16,15271049
2021-09-02,295,positive,0.92686176,-0.23,12796739
2021-09-02,483,neutral,0.52948123,-0.23,12796739
2021-09-01,306,positive,0.918405,-0.22,13204339
2021-09-01,302,positive,0.76814675,-0.22,13204339
2021-08-31,562,positive,0.9036085,0.66,20855438
2021-08-30,2216,neutral,0.5461321,2.67,18604220
2021-08-30,866,neutral,0.57728153,2.67,18604220
2021-08-26,553,positive,0.69191265,-1.41,13214289
2021-08-23,485,neutral,0.5223588,3.83,20264858
2021-08-23,495,positive,0.7883445,3.83,20264858
2021-08-23,280,neutral,0.51895416,3.83,20264858
2021-08-20,721,positive,0.5102422,1.01,14841869
2021-08-18,566,neutral,0.61932087,3.5,20349380
2021-08-16,485,neutral,0.6276337,-4.32,23103300
2021-08-16,464,positive,0.8487754,-4.32,23103300
2021-08-16,458,positive,0.52146995,-4.32,23103300
2021-08-12,782,negative,0.6090421,2.04,17681688
2021-08-12,1000,negative,0.44077244,2.04,17681688
2018-06-12,1700,neutral,0.5497724,3.21,22347399
2018-06-11,499,positive,0.87003994,4.55,13183469
2018-06-11,1912,positive,0.84882873,4.55,13183469
2018-06-01,586,positive,0.74387646,2.49,5424385
2018-05-30,478,positive,0.70861775,2.81,7489685
2018-05-23,1585,negative,0.675753,1.48,5985052
2018-05-22,11944,positive,0.8857348,-3.33,8945755
2018-05-22,4129,positive,0.98423594,-3.33,8945755
2018-05-21,384,positive,0.6539298,2.77,9182570
2018-05-21,1014,positive,0.62764925,2.77,9182570
2018-05-21,321,positive,0.6746966,2.77,9182570
2018-05-21,964,neutral,0.52971613,2.77,9182570
2018-05-21,1091,positive,0.8218905,2.77,9182570
2018-05-15,3698,negative,0.9491715,-2.67,9519107
2018-05-14,300,negative,0.47243273,-3.02,7286803
2018-05-11,292,positive,0.4682473,-1.3,4679648
2018-05-10,547,positive,0.9493365,-0.6,5651560
2018-05-09,466,neutral,0.6781764,1.62,5727364
2018-05-04,519,negative,0.45835942,3.39,8569353
2018-05-04,358,neutral,0.5770067,3.39,8569353
2018-05-04,1409,negative,0.6730903,3.39,8569353
2018-04-19,1913,positive,0.50462264,2.29,6090598
2018-04-16,734,neutral,0.9012025,-3.04,6338487
2018-04-13,1153,negative,0.76923823,2.13,7327223
2018-04-13,555,negative,0.402963,2.13,7327223
2018-04-04,964,neutral,0.48874998,7.26,19896749
2018-04-02,1129,negative,0.45553902,-5.13,16113969
2018-04-02,3632,negative,0.46491635,-5.13,16113969
2018-04-02,315,negative,0.6054013,-5.13,16113969
2018-04-02,3804,negative,0.84097934,-5.13,16113969
2018-03-26,709,negative,0.8666939,0.88,8375175
2018-03-20,322,negative,0.48183495,-0.96,4764292
2018-03-07,845,neutral,0.74634373,1.25,5007296
2018-02-26,338,positive,0.97419786,1.53,4339984
2018-02-16,316,neutral,0.8388625,0.43,5642636
2017-12-26,13724,positive,0.87823707,-2.43,4378412
2017-12-21,702,positive,0.9917913,0.81,4385221
2017-12-04,3484,positive,0.48190925,-0.43,5835139
2017-11-13,2509,positive,0.78830814,4.1,7584943
2017-10-27,1114,positive,0.7991388,-1.63,6979703
2017-10-09,1884,neutral,0.5983394,-3.91,7493652
2017-08-31,351,neutral,0.8500664,0.77,4072794
2017-08-07,850,positive,0.97645944,-0.49,6324479
2017-07-26,570,positive,0.9804794,1.25,4820789
2017-07-17,866,positive,0.5231863,-2.5,9876911
2017-07-12,291,neutral,0.72444814,0.7,10346129
2017-07-12,1266,positive,0.84167635,0.7,10346129
2017-06-19,726,neutral,0.56641084,-0.43,6549331
2017-06-09,1395,negative,0.4952427,-3.43,17261438
2017-06-08,762,neutral,0.514523,2.88,9061495
2017-06-06,506,neutral,0.45463303,1.59,11086799
2017-05-22,808,positive,0.9880735,-0.15,4329177
2017-05-10,364,neutral,0.83549863,1.23,5741606
2017-05-10,635,positive,0.9684874,1.23,5741606
2017-04-13,1634,positive,0.9821363,2.41,9284633
2017-04-12,700,positive,0.7854245,-3.85,6050681
2017-04-07,738,positive,0.79843616,1.29,4579612
2017-03-24,445,negative,0.49655467,3.29,5647252
2017-03-10,578,neutral,0.68527764,-0.49,3066271
2017-02-16,759,positive,0.9291161,-3.86,7077321
2017-02-16,400,positive,0.77874464,-3.86,7077321
2017-02-07,688,positive,0.81062245,-0.11,4244774
2016-12-22,642,positive,0.80989766,0.36,3111107
2016-12-19,281,neutral,0.6492056,0.12,3488070
2016-11-18,408,positive,0.9359608,-1.93,5210346
2016-11-07,639,neutral,0.8051862,1.39,3870111
2016-10-31,783,positive,0.7834957,-1.12,4692272
2016-10-20,843,neutral,0.7929919,-2.19,5072876
2016-10-19,616,neutral,0.80294806,2.24,6991183
2016-10-17,576,neutral,0.78467095,-1.3,4554079
2016-10-10,589,negative,0.78432256,2.21,3316296
2016-10-10,619,positive,0.5430749,2.21,3316296
2016-10-10,319,neutral,0.808504,2.21,3316296
2022-12-22,9696,positive,0.9736878,-8.88,210090297
2022-12-22,1722,neutral,0.9031486,-8.88,210090297
2022-12-19,1337,neutral,0.6057932,-0.24,139390594
2022-12-19,4314,positive,0.57600445,-0.24,139390594
2022-12-16,413,neutral,0.7661315,-4.72,139032188
2022-12-15,23797,positive,0.6670851,0.55,122334492
2022-12-15,468,neutral,0.9096081,0.55,122334492
2022-12-14,4675,positive,0.8236899,-2.58,140682297
2022-12-13,2448,positive,0.4342595,-4.09,175862703
2022-12-12,737,neutral,0.73362637,-6.27,109794492
2022-12-09,807,negative,0.8379243,3.23,104872305
2022-12-09,3616,positive,0.94741035,3.23,104872305
2022-12-08,1074,positive,0.9793726,-0.34,97624484
2022-12-05,2089,positive,0.8269238,-6.37,93122672
2022-12-05,13226,neutral,0.70529324,-6.37,93122672
2022-12-02,7163,positive,0.6273252,0.08,73645922
2022-12-01,1581,positive,0.98567617,0.0,80046211
2022-11-30,659,neutral,0.7705231,7.67,109186398
2022-11-30,1013,positive,0.7658103,7.67,109186398
2022-11-28,1394,negative,0.5072461,0.03,93038148
2022-11-28,653,neutral,0.72836584,0.03,93038148
2022-11-28,702,positive,0.88291806,0.03,93038148
2022-11-28,2254,neutral,0.6791796,0.03,93038148
2022-11-28,24869,positive,0.7588632,0.03,93038148
2022-11-28,5049,negative,0.510232,0.03,93038148
2016-09-22,365,positive,0.61063766,0.59,2382901
2016-09-22,294,neutral,0.63508195,0.59,2382901
2016-08-23,598,neutral,0.64709514,0.86,4784417
2016-07-20,284,neutral,0.67158985,1.38,2568497
2016-07-19,740,positive,0.6650475,-0.44,3115064
2016-07-15,340,neutral,0.856915,-0.51,2234246
2016-07-11,717,positive,0.90139216,3.69,5429821
2016-07-11,681,positive,0.53264767,3.69,5429821
2016-05-06,392,positive,0.91406596,1.61,5685236
2016-04-11,1218,positive,0.9708269,-0.06,9161692
2016-02-11,479,neutral,0.5281039,4.73,14252359
2015-05-04,329,neutral,0.7550975,1.98,4434595
2015-04-02,341,positive,0.9602046,1.82,5010367
2015-03-30,970,positive,0.62389296,3.01,10089519
2015-01-30,434,positive,0.8129757,-0.78,3006958
2014-06-12,1080,neutral,0.8809252,-0.46,5997143
2013-11-19,1165,negative,0.9257098,3.71,19816149
2013-06-05,623,neutral,0.59883595,0.56,12224729
2013-05-09,344,positive,0.8707341,24.4,28604967
2013-04-08,295,negative,0.79178846,1.11,1679000
2019-12-23,1783,neutral,0.5726216,3.36,13332819
2019-12-20,1619,neutral,0.76613593,0.38,14785209
2019-12-19,1113,neutral,0.69218665,2.77,18120310
2019-12-09,677,positive,0.4986158,1.08,9040216
2019-12-09,500,neutral,0.7956835,1.08,9040216
2019-11-27,312,positive,0.5880689,0.72,5563458
2019-11-25,276,neutral,0.59739053,0.99,12345769
2019-11-22,2107,neutral,0.75250566,-6.14,16870640
2019-11-20,313,negative,0.7619439,-2.03,6733964
2019-11-13,673,positive,0.9867041,-1.09,8467863
2019-11-01,270,negative,0.5832736,-0.51,6383928
2019-11-01,1104,positive,0.88731116,-0.51,6383928
2019-10-28,1062,negative,0.54187864,-0.13,18870288
2019-10-28,742,neutral,0.54835105,-0.13,18870288
2019-10-28,354,positive,0.5756183,-0.13,18870288
2019-10-28,945,neutral,0.86489695,-0.13,18870288
2019-10-28,285,neutral,0.530303,-0.13,18870288
2019-10-25,1559,neutral,0.6482241,9.49,30006086
2019-10-25,856,neutral,0.7760346,9.49,30006086
2019-10-24,556,positive,0.99094135,17.67,29819228
2019-10-24,1930,positive,0.7641694,17.67,29819228
2019-10-21,1003,positive,0.65761536,-1.34,5108100
2019-10-16,661,positive,0.8687552,0.72,6704302
2019-10-16,275,neutral,0.89466494,0.72,6704302
2019-10-16,2424,positive,0.93629277,0.72,6704302
2019-10-14,952,positive,0.547532,3.66,10226859
2019-10-14,1219,positive,0.7733537,3.66,10226859
2019-10-10,406,positive,0.71428293,0.09,6313416
2019-10-09,1239,positive,0.497434,1.87,6935032
2019-10-07,2199,neutral,0.8368367,2.72,8086956
2019-10-07,1821,neutral,0.8753931,2.72,8086956
2019-10-03,1262,positive,0.73806465,-4.15,15137759
2019-09-26,1258,neutral,0.5246293,6.06,12078789
2019-09-23,324,positive,0.95775545,0.25,4391629
2019-09-16,595,positive,0.99029416,-0.98,4728095
2019-09-16,331,negative,0.46519852,-0.98,4728095
2019-09-16,702,neutral,0.8661411,-0.98,4728095
2019-09-09,368,positive,0.82964325,1.91,4802668
2019-09-09,620,neutral,0.87119156,1.91,4802668
2019-09-05,756,negative,0.77433926,4.03,7403321
2019-09-04,1280,positive,0.75099456,-1.92,5768695
2019-08-26,724,positive,0.758438,1.7,5054413
2019-08-20,1116,neutral,0.8368541,-0.43,4170526
2019-08-19,613,positive,0.5167672,3.13,5311747
2019-08-19,4379,neutral,0.7813077,3.13,5311747
2019-08-12,781,neutral,0.7503738,-2.55,4663936
2019-08-12,608,positive,0.9878434,-2.55,4663936
2019-08-12,275,positive,0.7451034,-2.55,4663936
2019-08-09,934,positive,0.9778896,-1.38,3898243
2019-08-05,530,positive,0.9723797,-2.57,7028278
2019-08-05,287,positive,0.8038063,-2.57,7028278
2019-07-30,555,neutral,0.52750504,2.75,8109013
2019-07-29,676,positive,0.8552157,3.39,9273331
2019-07-29,1982,positive,0.97902805,3.39,9273331
2019-07-29,437,neutral,0.735323,3.39,9273331
2022-11-22,3505,positive,0.71066207,1.22,78452328
2022-11-21,730,negative,0.8278074,-6.84,92882711
2022-11-21,386,neutral,0.7571273,-6.84,92882711
2022-11-21,341,positive,0.9473055,-6.84,92882711
2022-11-21,425,positive,0.8790314,-6.84,92882711
2022-11-21,632,negative,0.9641398,-6.84,92882711
2022-11-21,7991,neutral,0.86490184,-6.84,92882711
2022-11-18,4674,positive,0.8647011,-1.63,76048875
2022-11-16,605,negative,0.83092165,-3.86,66567602
2022-11-16,887,neutral,0.8260784,-3.86,66567602
2022-11-14,335,neutral,0.86966026,-2.56,92226648
2022-11-14,2438,positive,0.92445,-2.56,92226648
2022-11-14,404,positive,0.9658461,-2.56,92226648
2022-11-14,391,neutral,0.89347917,-2.56,92226648
2022-11-14,557,positive,0.8347133,-2.56,92226648
2022-11-14,3772,neutral,0.57727486,-2.56,92226648
2022-11-11,705,positive,0.7808384,2.75,114403602
2022-11-10,2282,positive,0.9823996,7.39,132703000
2022-11-07,282,neutral,0.61357045,-5.01,93916523
2022-11-07,3217,positive,0.5969862,-5.01,93916523
2022-11-02,557,neutral,0.77118474,-5.64,63070289
2022-10-31,965,positive,0.93448234,-0.43,61554340
2022-10-26,423,positive,0.95604277,1.0,85327078
2022-10-24,375,positive,0.97079676,-1.49,100446797
2022-10-24,1279,neutral,0.5998904,-1.49,100446797
2022-10-24,914,positive,0.77907723,-1.49,100446797
2022-10-24,595,neutral,0.69136447,-1.49,100446797
2022-10-21,297,positive,0.59718615,3.45,75713750
2022-10-21,488,neutral,0.9044686,3.45,75713750
2022-10-20,1219,positive,0.5234947,-6.65,117798094
2022-10-20,1454,positive,0.7937586,-6.65,117798094
2022-10-18,363,neutral,0.5504137,0.38,75891914
2022-10-18,1127,positive,0.5361366,0.38,75891914
2022-10-18,1205,positive,0.91868794,0.38,75891914
2022-10-17,564,neutral,0.54956836,7.01,79428805
2022-10-13,335,neutral,0.7661315,2.06,91483047
2022-10-13,1084,neutral,0.57373685,2.06,91483047
2022-10-13,801,neutral,0.47008586,2.06,91483047
2022-10-11,493,neutral,0.6622736,-2.9,77013203
2022-10-11,901,positive,0.9565868,-2.9,77013203
2022-10-10,808,positive,0.93587786,-0.05,67925023
2022-10-10,1023,positive,0.98207617,-0.05,67925023
2022-10-07,5484,neutral,0.7063404,-6.32,83916797
2022-10-07,1397,positive,0.50057673,-6.32,83916797
2022-10-07,14987,positive,0.98662764,-6.32,83916797
2022-10-07,3954,neutral,0.7547754,-6.32,83916797
2022-10-06,1432,neutral,0.53509223,-1.11,69298438
2022-10-03,712,positive,0.57982796,-8.61,98363539
2022-10-03,1449,neutral,0.5390884,-8.61,98363539
2022-10-03,579,positive,0.822215,-8.61,98363539
2022-10-03,392,positive,0.97767705,-8.61,98363539
2022-10-03,2406,neutral,0.83482224,-8.61,98363539
2022-10-03,4808,neutral,0.6735525,-8.61,98363539
2022-10-03,3302,positive,0.8621137,-8.61,98363539
2022-10-03,2835,neutral,0.8253691,-8.61,98363539
2022-10-03,445,positive,0.99254966,-8.61,98363539
2022-09-29,3040,positive,0.5442013,-6.81,77620641
2022-09-28,367,neutral,0.51945746,1.72,54664809
2022-09-23,2750,positive,0.6878535,-4.59,63748359
2022-09-22,295,neutral,0.6280879,-4.06,70545406
2022-09-22,529,neutral,0.8417599,-4.06,70545406
2022-09-21,599,neutral,0.7286017,-2.57,62555660
2022-09-21,273,positive,0.6429015,-2.57,62555660
2022-09-21,293,positive,0.96492916,-2.57,62555660
2022-09-21,523,positive,0.8904297,-2.57,62555660
2022-09-21,961,positive,0.53048426,-2.57,62555660
2022-09-21,380,neutral,0.8178303,-2.57,62555660
2022-09-21,768,negative,0.9166081,-2.57,62555660
2022-09-20,416,positive,0.5541976,-0.11,61642781
2022-09-20,515,neutral,0.53333485,-0.11,61642781
2022-09-15,1038,neutral,0.8605851,0.38,64795520
2022-09-15,1268,neutral,0.88502705,0.38,64795520
2022-09-13,392,neutral,0.6075675,-4.04,68229617
2022-09-12,468,neutral,0.80464923,1.58,48674602
2022-09-12,1349,neutral,0.7850398,1.58,48674602
2022-09-12,1594,positive,0.9817273,1.58,48674602
2022-09-12,2750,neutral,0.825865,1.58,48674602
2022-09-09,1376,neutral,0.53506243,3.6,54470848
2022-09-09,1207,positive,0.9854493,3.6,54470848
2022-09-08,841,positive,0.9476501,1.96,53713121
2022-09-08,1465,positive,0.6465722,1.96,53713121
2022-09-08,705,neutral,0.4994938,1.96,53713121
2022-09-08,490,positive,0.831444,1.96,53713121
2022-09-06,483,neutral,0.7558146,1.56,55859980
2022-09-06,647,positive,0.8331416,1.56,55859980
2022-09-06,7150,neutral,0.668154,1.56,55859980
2022-08-30,1071,neutral,0.76404417,-2.5,50541762
2022-08-29,2336,neutral,0.6675774,-1.14,41864738
2022-08-25,965,neutral,0.9015294,-0.35,53230008
2022-08-22,859,positive,0.9851175,-2.28,18614448
2022-08-22,2179,positive,0.8632238,-2.28,18614448
2022-08-22,2211,positive,0.9546247,-2.28,18614448
2022-08-22,740,positive,0.9741077,-2.28,18614448
2022-08-22,518,positive,0.6299699,-2.28,18614448
2022-08-19,470,neutral,0.78303385,-2.05,20465130
2022-08-17,4162,positive,0.86784196,-0.84,22921989
2022-08-17,761,negative,0.6146526,-0.84,22921989
2022-08-17,6006,negative,0.8702814,-0.84,22921989
2022-08-16,1229,positive,0.9784918,-0.89,29378767
2022-08-15,9206,positive,0.9531569,3.1,29786390
2022-08-15,4092,positive,0.7673342,3.1,29786390
2022-08-11,1628,positive,0.7289887,-2.62,23385019
2022-08-11,402,neutral,0.51843804,-2.62,23385019
2022-08-11,377,neutral,0.7147504,-2.62,23385019
2022-08-10,3025,neutral,0.76821935,3.89,31639618
2022-08-10,697,neutral,0.5908629,3.89,31639618
2022-08-10,1046,negative,0.41781846,3.89,31639618
2022-08-09,1572,neutral,0.68797845,-2.44,28748229
2022-08-04,1155,neutral,0.4617078,0.4,24085438
2022-08-03,965,positive,0.89777035,2.27,26697038
2022-08-01,408,neutral,0.59660965,0.04,39014300
2022-08-01,455,neutral,0.74790126,0.04,39014300
2022-08-01,432,positive,0.61070645,0.04,39014300
2022-08-01,10607,neutral,0.65574926,0.04,39014300
2022-08-01,1205,neutral,0.48924622,0.04,39014300
2022-07-29,478,neutral,0.5217139,5.78,31770960
2022-07-29,363,neutral,0.7585678,5.78,31770960
2022-07-29,2233,neutral,0.50968194,5.78,31770960
2022-07-29,391,positive,0.9320974,5.78,31770960
2022-07-27,368,neutral,0.6102736,6.17,29369999
2022-07-26,8064,neutral,0.5369085,-3.57,22273589
2022-07-25,770,positive,0.9163278,-1.4,21357839
2022-07-25,969,negative,0.4945721,-1.4,21357839
2022-07-25,1173,negative,0.93123686,-1.4,21357839
2022-07-25,783,negative,0.89823365,-1.4,21357839
2022-07-25,6506,positive,0.98223674,-1.4,21357839
2022-07-22,485,neutral,0.61932087,0.2,34490952
2022-07-19,1885,positive,0.7835332,2.07,26963366
2022-07-19,2041,neutral,0.4418417,2.07,26963366
2022-07-19,5083,positive,0.98447907,2.07,26963366
2022-07-19,3689,neutral,0.5361904,2.07,26963366
2022-07-19,5333,neutral,0.47138816,2.07,26963366
2022-07-19,520,neutral,0.74751353,2.07,26963366
2022-07-18,1239,positive,0.860146,0.2,27512479
2022-07-15,20083,positive,0.5394281,0.74,23227669
2022-07-15,351,neutral,0.6454428,0.74,23227669
2022-07-15,979,positive,0.93755543,0.74,23227669
2022-07-14,685,positive,0.9904467,0.54,26185829
2022-07-13,1273,positive,0.51701343,1.7,32651499
2022-07-13,539,positive,0.7786681,1.7,32651499
2022-07-12,6426,positive,0.6981505,-0.54,29310319
2022-07-11,2267,neutral,0.5927241,-6.55,33169737
2022-07-08,12751,positive,0.9924209,2.54,33951358
2022-07-07,514,neutral,0.8095723,5.53,27310229
2022-07-07,15356,neutral,0.711696,5.53,27310229
2022-07-06,1016,positive,0.52863306,-0.57,23951206
2022-06-21,1007,positive,0.90178293,9.35,40930990
2019-07-19,757,positive,0.6515291,1.83,7048409
2019-07-16,772,positive,0.5015908,-0.44,8148988
2019-07-16,1174,neutral,0.74861115,-0.44,8148988
2019-07-11,1274,positive,0.96444577,-0.13,7514429
2019-07-09,732,positive,0.95408064,-0.12,6190834
2019-07-03,1533,positive,0.99084824,4.61,14201150
2019-07-01,933,positive,0.99179596,1.66,8237963
2019-06-28,353,neutral,0.8485558,0.28,6851383
2019-06-28,326,positive,0.88829607,0.28,6851383
2019-06-28,432,neutral,0.67960286,0.28,6851383
2019-06-20,607,neutral,0.73148286,-3.01,11863459
2019-06-20,448,neutral,0.6902765,-3.01,11863459
2019-06-19,2248,neutral,0.7912499,0.75,6575134
2019-06-19,302,negative,0.76016414,0.75,6575134
2019-06-14,583,neutral,0.7292704,0.47,7433401
2019-06-14,969,neutral,0.8335189,0.47,7433401
2019-06-12,682,positive,0.65821123,-3.61,15197539
2019-06-10,278,neutral,0.6548336,4.1,10585039
2019-06-03,902,neutral,0.87144804,-3.34,13064409
2019-06-03,1704,neutral,0.7985458,-3.34,13064409
2019-05-30,340,negative,0.61278546,-0.86,7926475
2019-05-30,417,negative,0.5555412,-0.86,7926475
2019-05-20,1382,positive,0.5175283,-2.69,20526198
2019-05-20,642,positive,0.72155684,-2.69,20526198
2019-05-17,983,neutral,0.53457195,-7.58,17786671
2019-05-14,291,neutral,0.7191542,2.33,7252411
2019-05-13,380,positive,0.75640804,-5.22,10834799
2019-05-10,294,neutral,0.50841045,-1.02,7008335
2019-05-09,412,neutral,0.69451624,-1.17,6711380
2019-05-09,580,positive,0.8045765,-1.17,6711380
2019-05-07,320,neutral,0.8658421,-3.24,10131409
2019-05-03,3530,neutral,0.78407323,4.48,23706769
2019-04-24,1728,positive,0.52354515,-1.99,10727449
2019-04-24,9188,neutral,0.5365629,-1.99,10727449
2019-04-24,841,neutral,0.537355,-1.99,10727449
2019-04-24,1079,negative,0.59938824,-1.99,10727449
2019-04-24,1076,negative,0.78863055,-1.99,10727449
2019-04-24,530,negative,0.80399215,-1.99,10727449
2019-04-23,782,neutral,0.8469107,0.44,10943859
2019-04-22,504,negative,0.43942836,-3.85,12147139
2019-04-15,2060,neutral,0.6023648,-0.49,10038579
2019-04-15,1063,positive,0.5419493,-0.49,10038579
2019-04-08,628,neutral,0.6227511,-0.64,10410439
2019-04-05,497,neutral,0.6155793,2.68,13038259
2019-04-04,352,neutral,0.8670707,-8.23,23720730
2019-04-01,591,positive,0.9836356,3.33,8110438
2019-03-26,509,positive,0.5192363,2.82,7350947
2019-03-26,292,neutral,0.53404725,2.82,7350947
2019-03-25,327,neutral,0.58112574,-1.55,10215029
2019-03-25,1022,neutral,0.5355475,-1.55,10215029
2019-03-22,1008,neutral,0.6413893,-3.46,8745608
2019-03-18,800,positive,0.6505732,-2.16,10280979
2019-03-18,1129,neutral,0.835218,-2.16,10280979
2019-03-15,443,negative,0.51784676,-5.01,14785529
2019-03-15,830,neutral,0.56659466,-5.01,14785529
2019-03-12,1197,neutral,0.66809124,-2.6,7504136
2019-03-08,555,positive,0.8873611,2.73,8819624
2019-03-05,274,negative,0.674083,-3.09,18764739
2019-03-04,689,neutral,0.67857593,-3.2,17096819
2019-03-04,1011,positive,0.6350472,-3.2,17096819
2019-03-01,1055,positive,0.52924275,-7.84,22911380
2019-03-01,1515,neutral,0.6332467,-7.84,22911380
2019-02-27,1810,neutral,0.78511804,5.67,11183909
2019-02-26,326,negative,0.84676385,-0.3,8582535
2019-02-20,2122,neutral,0.7241556,-1.01,7142116
2019-02-20,4473,neutral,0.68783057,-1.01,7142116
2019-02-14,813,neutral,0.6050146,-1.43,5200831
2019-02-14,931,positive,0.9074364,-1.43,5200831
2019-02-13,907,positive,0.9293449,-1.17,5141616
2019-02-11,1934,positive,0.9839136,2.3,7129712
2019-02-01,472,negative,0.5015891,1.69,7283440
2019-02-01,902,positive,0.9888701,1.69,7283440
2019-01-28,570,positive,0.9550966,-0.22,6423278
2019-01-28,1486,neutral,0.777396,-0.22,6423278
2019-01-28,1073,neutral,0.7312005,-0.22,6423278
2019-01-23,474,neutral,0.5806779,-3.79,12529989
2019-01-23,1217,positive,0.61927176,-3.79,12529989
2019-01-17,1580,positive,0.6262407,0.36,3676732
2019-01-10,853,positive,0.9123294,1.9,6056353
2019-01-10,663,neutral,0.59578633,1.9,6056353
2019-01-10,2387,positive,0.653696,1.9,6056353
2019-01-07,917,positive,0.9838281,5.44,7551224
2019-01-03,660,positive,0.9762324,-3.15,6965183
2018-12-31,279,positive,0.89939386,-0.32,6302337
2018-12-28,963,positive,0.9893328,5.61,9938991
2018-12-26,923,positive,0.64984286,10.39,8163137
2018-12-26,306,neutral,0.5459059,10.39,8163137
2018-12-26,614,positive,0.9318745,10.39,8163137
2018-12-26,469,neutral,0.5165212,10.39,8163137
2018-12-24,764,positive,0.66194105,-7.62,5559912
2018-12-20,653,positive,0.8601112,-5.28,9071857
2018-12-20,688,positive,0.93983406,-5.28,9071857
2018-12-19,1412,neutral,0.7169437,-1.2,8274180
2018-12-18,617,positive,0.9832349,-3.27,7099999
2018-12-17,744,positive,0.69173914,-4.73,7674007
2018-12-11,730,neutral,0.5184067,0.44,6308768
2018-12-11,640,neutral,0.54501945,0.44,6308768
2018-12-11,1538,positive,0.80013233,0.44,6308768
2018-12-10,1261,positive,0.5827127,2.01,6613454
2018-12-10,1553,positive,0.8634095,2.01,6613454
2018-12-10,1050,neutral,0.79492253,2.01,6613454
2018-11-30,271,positive,0.5964176,2.73,5628894
2018-11-29,676,positive,0.95074767,-1.93,3080723
2018-11-29,1194,positive,0.96480066,-1.93,3080723
2018-11-29,909,positive,0.7894839,-1.93,3080723
2018-11-27,1329,positive,0.9628182,-0.6,6358299
2018-11-26,1924,neutral,0.56022996,6.19,7992140
2018-11-20,735,positive,0.7913316,-1.69,8004708
2018-11-15,1254,positive,0.65099883,1.29,4625717
2018-11-14,405,positive,0.93048745,1.56,5040286
2018-11-12,2319,positive,0.8102428,-5.49,6941522
2018-11-09,20078,positive,0.54771304,-0.25,5098845
2018-11-08,341,positive,0.98755187,0.93,7090673
